month,fed_funds_rate,cpi,unemployment_rate,mortgage_30yr
1947-01,,21.48,,
1947-02,,21.62,,
1947-03,,22.0,,
1947-04,,22.0,,
1947-05,,21.95,,
1947-06,,22.08,,
1947-07,,22.23,,
1947-08,,22.4,,
1947-09,,22.84,,
1947-10,,22.91,,
1947-11,,23.06,,
1947-12,,23.41,,
1948-01,,23.68,3.4,
1948-02,,23.67,3.8,
1948-03,,23.5,4.0,
1948-04,,23.82,3.9,
1948-05,,24.01,3.5,
1948-06,,24.15,3.6,
1948-07,,24.4,3.6,
1948-08,,24.43,3.9,
1948-09,,24.36,3.8,
1948-10,,24.31,3.7,
1948-11,,24.16,3.8,
1948-12,,24.05,4.0,
1949-01,,24.01,4.3,
1949-02,,23.91,4.7,
1949-03,,23.91,5.0,
1949-04,,23.92,5.3,
1949-05,,23.91,6.1,
1949-06,,23.92,6.2,
1949-07,,23.7,6.7,
1949-08,,23.7,6.8,
1949-09,,23.75,6.6,
1949-10,,23.67,7.9,
1949-11,,23.7,6.4,
1949-12,,23.61,6.6,
1950-01,,23.51,6.5,
1950-02,,23.61,6.4,
1950-03,,23.64,6.3,
1950-04,,23.65,5.8,
1950-05,,23.77,5.5,
1950-06,,23.88,5.4,
1950-07,,24.07,5.0,
1950-08,,24.2,4.5,
1950-09,,24.34,4.4,
1950-10,,24.5,4.2,
1950-11,,24.6,4.2,
1950-12,,24.98,4.3,
1951-01,,25.38,3.7,
1951-02,,25.83,3.4,
1951-03,,25.88,3.4,
1951-04,,25.92,3.1,
1951-05,,25.99,3.0,
1951-06,,25.93,3.2,
1951-07,,25.91,3.1,
1951-08,,25.86,3.1,
1951-09,,26.03,3.3,
1951-10,,26.16,3.5,
1951-11,,26.32,3.5,
1951-12,,26.47,3.1,
1952-01,,26.45,3.2,
1952-02,,26.41,3.1,
1952-03,,26.39,2.9,
1952-04,,26.46,2.9,
1952-05,,26.47,3.0,
1952-06,,26.53,3.0,
1952-07,,26.68,3.2,
1952-08,,26.69,3.4,
1952-09,,26.63,3.1,
1952-10,,26.69,3.0,
1952-11,,26.69,2.8,
1952-12,,26.71,2.7,
1953-01,,26.64,2.9,
1953-02,,26.59,2.6,
1953-03,,26.63,2.6,
1953-04,,26.69,2.7,
1953-05,,26.7,2.5,
1953-06,,26.77,2.5,
1953-07,,26.79,2.6,
1953-08,,26.85,2.7,
1953-09,,26.89,2.9,
1953-10,,26.95,3.1,
1953-11,,26.85,3.5,
1953-12,,26.87,4.5,
1954-01,,26.94,4.9,
1954-02,,26.99,5.2,
1954-03,,26.93,5.7,
1954-04,,26.86,5.9,
1954-05,,26.93,5.9,
1954-06,,26.94,5.6,
1954-07,0.8,26.86,5.8,
1954-08,1.22,26.85,6.0,
1954-09,1.07,26.81,6.1,
1954-10,0.85,26.72,5.7,
1954-11,0.83,26.78,5.3,
1954-12,1.28,26.77,5.0,
1955-01,1.39,26.77,4.9,
1955-02,1.29,26.82,4.7,
1955-03,1.35,26.79,4.6,
1955-04,1.43,26.79,4.7,
1955-05,1.43,26.77,4.3,
1955-06,1.64,26.71,4.2,
1955-07,1.68,26.76,4.0,
1955-08,1.96,26.72,4.2,
1955-09,2.18,26.85,4.1,
1955-10,2.24,26.82,4.3,
1955-11,2.35,26.88,4.2,
1955-12,2.48,26.87,4.2,
1956-01,2.45,26.83,4.0,
1956-02,2.5,26.86,3.9,
1956-03,2.5,26.89,4.2,
1956-04,2.62,26.93,4.0,
1956-05,2.75,27.03,4.3,
1956-06,2.71,27.15,4.3,
1956-07,2.75,27.29,4.4,
1956-08,2.73,27.31,4.1,
1956-09,2.95,27.35,3.9,
1956-10,2.96,27.51,3.9,
1956-11,2.88,27.51,4.3,
1956-12,2.94,27.63,4.2,
1957-01,2.84,27.67,4.2,
1957-02,3.0,27.8,3.9,
1957-03,2.96,27.86,3.7,
1957-04,3.0,27.93,3.9,
1957-05,3.0,28.0,4.1,
1957-06,3.0,28.11,4.3,
1957-07,2.99,28.19,4.2,
1957-08,3.24,28.28,4.1,
1957-09,3.47,28.32,4.4,
1957-10,3.5,28.32,4.5,
1957-11,3.28,28.41,5.1,
1957-12,2.98,28.47,5.2,
1958-01,2.72,28.64,5.8,
1958-02,1.67,28.7,6.4,
1958-03,1.2,28.87,6.7,
1958-04,1.26,28.94,7.4,
1958-05,0.63,28.94,7.4,
1958-06,0.93,28.91,7.3,
1958-07,0.68,28.89,7.5,
1958-08,1.53,28.94,7.4,
1958-09,1.76,28.91,7.1,
1958-10,1.8,28.91,6.7,
1958-11,2.27,28.95,6.2,
1958-12,2.42,28.97,6.2,
1959-01,2.48,29.01,6.0,
1959-02,2.43,29.0,5.9,
1959-03,2.8,28.97,5.6,
1959-04,2.96,28.98,5.2,
1959-05,2.9,29.04,5.1,
1959-06,3.39,29.11,5.0,
1959-07,3.47,29.15,5.1,
1959-08,3.5,29.18,5.2,
1959-09,3.76,29.25,5.5,
1959-10,3.98,29.35,5.7,
1959-11,4.0,29.35,5.8,
1959-12,3.99,29.41,5.3,
1960-01,3.99,29.37,5.2,
1960-02,3.97,29.41,4.8,
1960-03,3.84,29.41,5.4,
1960-04,3.92,29.54,5.2,
1960-05,3.85,29.57,5.1,
1960-06,3.32,29.61,5.4,
1960-07,3.23,29.55,5.5,
1960-08,2.98,29.61,5.6,
1960-09,2.6,29.61,5.5,
1960-10,2.47,29.75,6.1,
1960-11,2.44,29.78,6.1,
1960-12,1.98,29.81,6.6,
1961-01,1.45,29.84,6.6,
1961-02,2.54,29.84,6.9,
1961-03,2.02,29.84,6.9,
1961-04,1.49,29.81,7.0,
1961-05,1.98,29.84,7.1,
1961-06,1.73,29.84,6.9,
1961-07,1.17,29.92,7.0,
1961-08,2.0,29.94,6.6,
1961-09,1.88,29.98,6.7,
1961-10,2.26,29.98,6.5,
1961-11,2.61,29.98,6.1,
1961-12,2.33,30.01,6.0,
1962-01,2.15,30.04,5.8,
1962-02,2.37,30.11,5.5,
1962-03,2.85,30.17,5.6,
1962-04,2.78,30.21,5.6,
1962-05,2.36,30.24,5.5,
1962-06,2.68,30.21,5.5,
1962-07,2.71,30.22,5.4,
1962-08,2.93,30.28,5.7,
1962-09,2.9,30.42,5.6,
1962-10,2.9,30.38,5.4,
1962-11,2.94,30.38,5.7,
1962-12,2.93,30.38,5.5,
1963-01,2.92,30.44,5.7,
1963-02,3.0,30.48,5.9,
1963-03,2.98,30.51,5.7,
1963-04,2.9,30.48,5.7,
1963-05,3.0,30.51,5.9,
1963-06,2.99,30.61,5.6,
1963-07,3.02,30.69,5.6,
1963-08,3.49,30.75,5.4,
1963-09,3.48,30.72,5.5,
1963-10,3.5,30.75,5.5,
1963-11,3.48,30.78,5.7,
1963-12,3.38,30.88,5.5,
1964-01,3.48,30.94,5.6,
1964-02,3.48,30.91,5.4,
1964-03,3.43,30.94,5.4,
1964-04,3.47,30.95,5.3,
1964-05,3.5,30.98,5.1,
1964-06,3.5,31.01,5.2,
1964-07,3.42,31.02,4.9,
1964-08,3.5,31.05,5.0,
1964-09,3.45,31.08,5.1,
1964-10,3.36,31.12,5.1,
1964-11,3.52,31.21,4.8,
1964-12,3.85,31.25,5.0,
1965-01,3.9,31.28,4.9,
1965-02,3.98,31.28,5.1,
1965-03,4.05,31.31,4.7,
1965-04,4.09,31.38,4.8,
1965-05,4.1,31.48,4.6,
1965-06,4.05,31.61,4.6,
1965-07,4.09,31.58,4.4,
1965-08,4.12,31.55,4.4,
1965-09,4.02,31.62,4.3,
1965-10,4.08,31.65,4.2,
1965-11,4.1,31.75,4.1,
1965-12,4.32,31.85,4.0,
1966-01,4.42,31.88,4.0,
1966-02,4.6,32.08,3.8,
1966-03,4.66,32.18,3.8,
1966-04,4.67,32.28,3.8,
1966-05,4.9,32.35,3.9,
1966-06,5.17,32.38,3.8,
1966-07,5.3,32.45,3.8,
1966-08,5.53,32.65,3.8,
1966-09,5.4,32.75,3.7,
1966-10,5.53,32.85,3.7,
1966-11,5.76,32.88,3.6,
1966-12,5.4,32.92,3.8,
1967-01,4.94,32.9,3.9,
1967-02,5.0,33.0,3.8,
1967-03,4.53,33.0,3.8,
1967-04,4.05,33.1,3.8,
1967-05,3.94,33.1,3.8,
1967-06,3.98,33.3,3.9,
1967-07,3.79,33.4,3.8,
1967-08,3.9,33.5,3.8,
1967-09,3.99,33.6,3.8,
1967-10,3.88,33.7,4.0,
1967-11,4.13,33.9,3.9,
1967-12,4.51,34.0,3.8,
1968-01,4.61,34.1,3.7,
1968-02,4.71,34.2,3.8,
1968-03,5.05,34.3,3.7,
1968-04,5.76,34.4,3.5,
1968-05,6.12,34.5,3.5,
1968-06,6.07,34.7,3.7,
1968-07,6.03,34.9,3.7,
1968-08,6.03,35.0,3.5,
1968-09,5.78,35.1,3.4,
1968-10,5.91,35.3,3.4,
1968-11,5.82,35.4,3.4,
1968-12,6.02,35.6,3.4,
1969-01,6.3,35.7,3.4,
1969-02,6.61,35.8,3.4,
1969-03,6.79,36.1,3.4,
1969-04,7.41,36.3,3.4,
1969-05,8.67,36.4,3.4,
1969-06,8.9,36.6,3.5,
1969-07,8.61,36.8,3.5,
1969-08,9.19,36.9,3.5,
1969-09,9.15,37.1,3.7,
1969-10,9.0,37.3,3.7,
1969-11,8.85,37.5,3.5,
1969-12,8.97,37.7,3.5,
1970-01,8.98,37.9,3.9,
1970-02,8.98,38.1,4.2,
1970-03,7.76,38.3,4.4,
1970-04,8.1,38.5,4.6,
1970-05,7.95,38.6,4.8,
1970-06,7.61,38.8,4.9,
1970-07,7.21,38.9,5.0,
1970-08,6.62,39.0,5.1,
1970-09,6.29,39.2,5.4,
1970-10,6.2,39.4,5.5,
1970-11,5.6,39.6,5.9,
1970-12,4.9,39.8,6.1,
1971-01,4.14,39.9,5.9,
1971-02,3.72,39.9,5.9,
1971-03,3.71,40.0,6.0,
1971-04,4.16,40.1,5.9,7.33
1971-04,4.16,40.1,5.9,7.31
1971-04,4.16,40.1,5.9,7.31
1971-04,4.16,40.1,5.9,7.31
1971-04,4.16,40.1,5.9,7.29
1971-05,4.63,40.3,5.9,7.46
1971-05,4.63,40.3,5.9,7.44
1971-05,4.63,40.3,5.9,7.42
1971-05,4.63,40.3,5.9,7.38
1971-06,4.91,40.5,5.9,7.52
1971-06,4.91,40.5,5.9,7.52
1971-06,4.91,40.5,5.9,7.54
1971-06,4.91,40.5,5.9,7.54
1971-07,5.31,40.6,6.0,7.65
1971-07,5.31,40.6,6.0,7.6
1971-07,5.31,40.6,6.0,7.69
1971-07,5.31,40.6,6.0,7.54
1971-07,5.31,40.6,6.0,7.54
1971-08,5.57,40.7,6.1,7.66
1971-08,5.57,40.7,6.1,7.73
1971-08,5.57,40.7,6.1,7.71
1971-08,5.57,40.7,6.1,7.69
1971-09,5.55,40.8,6.0,7.71
1971-09,5.55,40.8,6.0,7.67
1971-09,5.55,40.8,6.0,7.7
1971-09,5.55,40.8,6.0,7.67
1971-10,5.2,40.9,5.8,7.58
1971-10,5.2,40.9,5.8,7.63
1971-10,5.2,40.9,5.8,7.63
1971-10,5.2,40.9,5.8,7.67
1971-10,5.2,40.9,5.8,7.63
1971-11,4.91,41.0,6.0,7.59
1971-11,4.91,41.0,6.0,7.56
1971-11,4.91,41.0,6.0,7.54
1971-11,4.91,41.0,6.0,7.51
1971-12,4.14,41.1,6.0,7.49
1971-12,4.14,41.1,6.0,7.47
1971-12,4.14,41.1,6.0,7.48
1971-12,4.14,41.1,6.0,7.48
1971-12,4.14,41.1,6.0,7.48
1972-01,3.51,41.2,5.8,7.4
1972-01,3.51,41.2,5.8,7.43
1972-01,3.51,41.2,5.8,7.46
1972-01,3.51,41.2,5.8,7.46
1972-02,3.3,41.4,5.7,7.35
1972-02,3.3,41.4,5.7,7.33
1972-02,3.3,41.4,5.7,7.31
1972-02,3.3,41.4,5.7,7.31
1972-03,3.83,41.4,5.8,7.23
1972-03,3.83,41.4,5.8,7.32
1972-03,3.83,41.4,5.8,7.32
1972-03,3.83,41.4,5.8,7.31
1972-03,3.83,41.4,5.8,7.31
1972-04,4.17,41.5,5.7,7.33
1972-04,4.17,41.5,5.7,7.29
1972-04,4.17,41.5,5.7,7.25
1972-04,4.17,41.5,5.7,7.29
1972-05,4.27,41.6,5.7,7.33
1972-05,4.27,41.6,5.7,7.38
1972-05,4.27,41.6,5.7,7.38
1972-05,4.27,41.6,5.7,7.4
1972-06,4.46,41.7,5.7,7.38
1972-06,4.46,41.7,5.7,7.36
1972-06,4.46,41.7,5.7,7.38
1972-06,4.46,41.7,5.7,7.38
1972-06,4.46,41.7,5.7,7.36
1972-07,4.55,41.8,5.6,7.4
1972-07,4.55,41.8,5.6,7.4
1972-07,4.55,41.8,5.6,7.4
1972-07,4.55,41.8,5.6,7.38
1972-08,4.81,41.9,5.6,7.35
1972-08,4.81,41.9,5.6,7.41
1972-08,4.81,41.9,5.6,7.42
1972-08,4.81,41.9,5.6,7.42
1972-09,4.87,42.1,5.5,7.43
1972-09,4.87,42.1,5.5,7.42
1972-09,4.87,42.1,5.5,7.41
1972-09,4.87,42.1,5.5,7.42
1972-09,4.87,42.1,5.5,7.42
1972-10,5.05,42.2,5.6,7.42
1972-10,5.05,42.2,5.6,7.44
1972-10,5.05,42.2,5.6,7.41
1972-10,5.05,42.2,5.6,7.41
1972-11,5.06,42.4,5.3,7.43
1972-11,5.06,42.4,5.3,7.42
1972-11,5.06,42.4,5.3,7.42
1972-11,5.06,42.4,5.3,7.44
1972-12,5.33,42.5,5.2,7.45
1972-12,5.33,42.5,5.2,7.45
1972-12,5.33,42.5,5.2,7.43
1972-12,5.33,42.5,5.2,7.43
1972-12,5.33,42.5,5.2,7.45
1973-01,5.94,42.7,4.9,7.44
1973-01,5.94,42.7,4.9,7.44
1973-01,5.94,42.7,4.9,7.44
1973-01,5.94,42.7,4.9,7.43
1973-02,6.58,43.0,5.0,7.45
1973-02,6.58,43.0,5.0,7.45
1973-02,6.58,43.0,5.0,7.43
1973-02,6.58,43.0,5.0,7.43
1973-03,7.09,43.4,4.9,7.45
1973-03,7.09,43.4,4.9,7.45
1973-03,7.09,43.4,4.9,7.45
1973-03,7.09,43.4,4.9,7.45
1973-03,7.09,43.4,4.9,7.49
1973-04,7.12,43.7,5.0,7.56
1973-04,7.12,43.7,5.0,7.56
1973-04,7.12,43.7,5.0,7.51
1973-04,7.12,43.7,5.0,7.54
1973-05,7.84,43.9,4.9,7.58
1973-05,7.84,43.9,4.9,7.64
1973-05,7.84,43.9,4.9,7.69
1973-05,7.84,43.9,4.9,7.7
1973-06,8.49,44.2,4.9,7.7
1973-06,8.49,44.2,4.9,7.73
1973-06,8.49,44.2,4.9,7.73
1973-06,8.49,44.2,4.9,7.75
1973-06,8.49,44.2,4.9,7.76
1973-07,10.4,44.2,4.8,8.18
1973-07,10.4,44.2,4.8,8.12
1973-07,10.4,44.2,4.8,8.01
1973-07,10.4,44.2,4.8,7.89
1973-08,10.5,45.0,4.8,8.26
1973-08,10.5,45.0,4.8,8.4
1973-08,10.5,45.0,4.8,8.55
1973-08,10.5,45.0,4.8,8.61
1973-08,10.5,45.0,4.8,8.66
1973-09,10.78,45.2,4.8,8.77
1973-09,10.78,45.2,4.8,8.81
1973-09,10.78,45.2,4.8,8.83
1973-09,10.78,45.2,4.8,8.85
1973-10,10.01,45.6,4.6,8.68
1973-10,10.01,45.6,4.6,8.75
1973-10,10.01,45.6,4.6,8.82
1973-10,10.01,45.6,4.6,8.83
1973-11,10.03,45.9,4.8,8.62
1973-11,10.03,45.9,4.8,8.59
1973-11,10.03,45.9,4.8,8.58
1973-11,10.03,45.9,4.8,8.57
1973-11,10.03,45.9,4.8,8.55
1973-12,9.95,46.3,4.9,8.53
1973-12,9.95,46.3,4.9,8.56
1973-12,9.95,46.3,4.9,8.53
1973-12,9.95,46.3,4.9,8.53
1974-01,9.65,46.8,5.1,8.56
1974-01,9.65,46.8,5.1,8.53
1974-01,9.65,46.8,5.1,8.55
1974-01,9.65,46.8,5.1,8.52
1974-02,8.97,47.3,5.2,8.48
1974-02,8.97,47.3,5.2,8.46
1974-02,8.97,47.3,5.2,8.46
1974-02,8.97,47.3,5.2,8.42
1974-03,9.35,47.8,5.1,8.41
1974-03,9.35,47.8,5.1,8.4
1974-03,9.35,47.8,5.1,8.4
1974-03,9.35,47.8,5.1,8.41
1974-03,9.35,47.8,5.1,8.41
1974-04,10.51,48.1,5.1,8.73
1974-04,10.51,48.1,5.1,8.63
1974-04,10.51,48.1,5.1,8.44
1974-04,10.51,48.1,5.1,8.53
1974-05,11.31,48.6,5.1,8.87
1974-05,11.31,48.6,5.1,8.98
1974-05,11.31,48.6,5.1,8.97
1974-05,11.31,48.6,5.1,9.01
1974-05,11.31,48.6,5.1,9.03
1974-06,11.93,49.0,5.4,9.06
1974-06,11.93,49.0,5.4,9.11
1974-06,11.93,49.0,5.4,9.07
1974-06,11.93,49.0,5.4,9.1
1974-07,12.92,49.3,5.5,9.42
1974-07,12.92,49.3,5.5,9.37
1974-07,12.92,49.3,5.5,9.14
1974-07,12.92,49.3,5.5,9.19
1974-08,12.01,49.9,5.5,9.47
1974-08,12.01,49.9,5.5,9.5
1974-08,12.01,49.9,5.5,9.6
1974-08,12.01,49.9,5.5,9.62
1974-08,12.01,49.9,5.5,9.74
1974-09,11.34,50.6,5.9,10.0
1974-09,11.34,50.6,5.9,10.03
1974-09,11.34,50.6,5.9,9.92
1974-09,11.34,50.6,5.9,9.88
1974-10,10.06,51.0,6.0,10.02
1974-10,10.06,51.0,6.0,9.96
1974-10,10.06,51.0,6.0,9.99
1974-10,10.06,51.0,6.0,9.94
1974-11,9.45,51.5,6.6,9.87
1974-11,9.45,51.5,6.6,9.81
1974-11,9.45,51.5,6.6,9.81
1974-11,9.45,51.5,6.6,9.73
1974-11,9.45,51.5,6.6,9.72
1974-12,8.53,51.9,7.2,9.69
1974-12,8.53,51.9,7.2,9.63
1974-12,8.53,51.9,7.2,9.58
1974-12,8.53,51.9,7.2,9.56
1975-01,7.13,52.3,8.1,9.35
1975-01,7.13,52.3,8.1,9.43
1975-01,7.13,52.3,8.1,9.29
1975-01,7.13,52.3,8.1,9.6
1975-01,7.13,52.3,8.1,9.49
1975-02,6.24,52.6,8.1,9.07
1975-02,6.24,52.6,8.1,9.02
1975-02,6.24,52.6,8.1,9.2
1975-02,6.24,52.6,8.1,9.13
1975-03,5.54,52.8,8.6,8.86
1975-03,5.54,52.8,8.6,8.86
1975-03,5.54,52.8,8.6,9.0
1975-03,5.54,52.8,8.6,8.89
1975-04,5.49,53.0,8.8,8.83
1975-04,5.49,53.0,8.8,8.81
1975-04,5.49,53.0,8.8,8.8
1975-04,5.49,53.0,8.8,8.84
1975-05,5.22,53.1,9.0,8.92
1975-05,5.22,53.1,9.0,8.88
1975-05,5.22,53.1,9.0,8.92
1975-05,5.22,53.1,9.0,8.92
1975-05,5.22,53.1,9.0,8.89
1975-06,5.55,53.5,8.8,8.9
1975-06,5.55,53.5,8.8,8.88
1975-06,5.55,53.5,8.8,8.89
1975-06,5.55,53.5,8.8,8.9
1975-07,6.1,54.0,8.6,8.88
1975-07,6.1,54.0,8.6,8.9
1975-07,6.1,54.0,8.6,8.89
1975-07,6.1,54.0,8.6,8.89
1975-08,6.14,54.2,8.4,8.89
1975-08,6.14,54.2,8.4,8.89
1975-08,6.14,54.2,8.4,8.93
1975-08,6.14,54.2,8.4,8.98
1975-08,6.14,54.2,8.4,9.02
1975-09,6.24,54.6,8.4,9.14
1975-09,6.24,54.6,8.4,9.14
1975-09,6.24,54.6,8.4,9.08
1975-09,6.24,54.6,8.4,9.16
1975-10,5.82,54.9,8.4,9.2
1975-10,5.82,54.9,8.4,9.21
1975-10,5.82,54.9,8.4,9.21
1975-10,5.82,54.9,8.4,9.26
1975-10,5.82,54.9,8.4,9.24
1975-11,5.22,55.3,8.3,9.19
1975-11,5.22,55.3,8.3,9.16
1975-11,5.22,55.3,8.3,9.12
1975-11,5.22,55.3,8.3,9.11
1975-12,5.2,55.6,8.2,9.11
1975-12,5.2,55.6,8.2,9.11
1975-12,5.2,55.6,8.2,9.08
1975-12,5.2,55.6,8.2,9.09
1976-01,4.87,55.8,7.9,9.0
1976-01,4.87,55.8,7.9,9.01
1976-01,4.87,55.8,7.9,8.9
1976-01,4.87,55.8,7.9,9.1
1976-01,4.87,55.8,7.9,9.07
1976-02,4.77,55.9,7.7,8.75
1976-02,4.77,55.9,7.7,8.81
1976-02,4.77,55.9,7.7,8.83
1976-02,4.77,55.9,7.7,8.86
1976-03,4.84,56.0,7.6,8.77
1976-03,4.84,56.0,7.6,8.75
1976-03,4.84,56.0,7.6,8.75
1976-03,4.84,56.0,7.6,8.75
1976-04,4.82,56.1,7.7,8.7
1976-04,4.82,56.1,7.7,8.7
1976-04,4.82,56.1,7.7,8.75
1976-04,4.82,56.1,7.7,8.75
1976-04,4.82,56.1,7.7,8.75
1976-05,5.29,56.4,7.4,8.78
1976-05,5.29,56.4,7.4,8.78
1976-05,5.29,56.4,7.4,8.75
1976-05,5.29,56.4,7.4,8.75
1976-06,5.48,56.7,7.6,8.78
1976-06,5.48,56.7,7.6,8.83
1976-06,5.48,56.7,7.6,8.88
1976-06,5.48,56.7,7.6,8.9
1976-07,5.31,57.0,7.8,8.9
1976-07,5.31,57.0,7.8,8.98
1976-07,5.31,57.0,7.8,8.93
1976-07,5.31,57.0,7.8,8.93
1976-07,5.31,57.0,7.8,8.93
1976-08,5.29,57.3,7.8,9.0
1976-08,5.29,57.3,7.8,9.0
1976-08,5.29,57.3,7.8,9.0
1976-08,5.29,57.3,7.8,9.0
1976-09,5.25,57.6,7.6,9.0
1976-09,5.25,57.6,7.6,8.97
1976-09,5.25,57.6,7.6,8.97
1976-09,5.25,57.6,7.6,8.97
1976-10,5.02,57.9,7.7,8.9
1976-10,5.02,57.9,7.7,8.9
1976-10,5.02,57.9,7.7,8.95
1976-10,5.02,57.9,7.7,8.95
1976-10,5.02,57.9,7.7,8.95
1976-11,4.95,58.1,7.8,8.8
1976-11,4.95,58.1,7.8,8.8
1976-11,4.95,58.1,7.8,8.85
1976-11,4.95,58.1,7.8,8.8
1976-12,4.65,58.4,7.8,8.8
1976-12,4.65,58.4,7.8,8.78
1976-12,4.65,58.4,7.8,8.8
1976-12,4.65,58.4,7.8,8.8
1976-12,4.65,58.4,7.8,8.78
1977-01,4.61,58.7,7.5,8.73
1977-01,4.61,58.7,7.5,8.73
1977-01,4.61,58.7,7.5,8.73
1977-01,4.61,58.7,7.5,8.7
1977-02,4.68,59.3,7.6,8.68
1977-02,4.68,59.3,7.6,8.7
1977-02,4.68,59.3,7.6,8.65
1977-02,4.68,59.3,7.6,8.65
1977-03,4.69,59.6,7.4,8.65
1977-03,4.69,59.6,7.4,8.7
1977-03,4.69,59.6,7.4,8.7
1977-03,4.69,59.6,7.4,8.7
1977-04,4.73,60.0,7.2,8.78
1977-04,4.73,60.0,7.2,8.78
1977-04,4.73,60.0,7.2,8.75
1977-04,4.73,60.0,7.2,8.75
1977-04,4.73,60.0,7.2,8.7
1977-05,5.35,60.2,7.0,8.78
1977-05,5.35,60.2,7.0,8.83
1977-05,5.35,60.2,7.0,8.85
1977-05,5.35,60.2,7.0,8.85
1977-06,5.39,60.5,7.2,8.85
1977-06,5.39,60.5,7.2,8.85
1977-06,5.39,60.5,7.2,8.85
1977-06,5.39,60.5,7.2,8.88
1977-07,5.42,60.8,6.9,8.93
1977-07,5.42,60.8,6.9,8.95
1977-07,5.42,60.8,6.9,8.95
1977-07,5.42,60.8,6.9,8.93
1977-07,5.42,60.8,6.9,8.95
1977-08,5.9,61.1,7.0,8.95
1977-08,5.9,61.1,7.0,8.95
1977-08,5.9,61.1,7.0,8.93
1977-08,5.9,61.1,7.0,8.93
1977-09,6.14,61.3,6.8,8.9
1977-09,6.14,61.3,6.8,8.9
1977-09,6.14,61.3,6.8,8.9
1977-09,6.14,61.3,6.8,8.88
1977-09,6.14,61.3,6.8,8.9
1977-10,6.47,61.6,6.8,8.93
1977-10,6.47,61.6,6.8,8.93
1977-10,6.47,61.6,6.8,8.93
1977-10,6.47,61.6,6.8,8.9
1977-11,6.51,62.0,6.8,8.9
1977-11,6.51,62.0,6.8,8.93
1977-11,6.51,62.0,6.8,8.93
1977-11,6.51,62.0,6.8,8.93
1977-12,6.56,62.3,6.4,8.95
1977-12,6.56,62.3,6.4,8.95
1977-12,6.56,62.3,6.4,9.0
1977-12,6.56,62.3,6.4,8.95
1977-12,6.56,62.3,6.4,8.95
1978-01,6.7,62.7,6.4,9.0
1978-01,6.7,62.7,6.4,9.03
1978-01,6.7,62.7,6.4,8.98
1978-01,6.7,62.7,6.4,9.05
1978-02,6.78,63.0,6.3,9.13
1978-02,6.78,63.0,6.3,9.15
1978-02,6.78,63.0,6.3,9.15
1978-02,6.78,63.0,6.3,9.15
1978-03,6.79,63.4,6.3,9.25
1978-03,6.79,63.4,6.3,9.23
1978-03,6.79,63.4,6.3,9.15
1978-03,6.79,63.4,6.3,9.15
1978-03,6.79,63.4,6.3,9.23
1978-04,6.89,63.9,6.1,9.28
1978-04,6.89,63.9,6.1,9.33
1978-04,6.89,63.9,6.1,9.38
1978-04,6.89,63.9,6.1,9.43
1978-05,7.36,64.5,6.0,9.48
1978-05,7.36,64.5,6.0,9.55
1978-05,7.36,64.5,6.0,9.58
1978-05,7.36,64.5,6.0,9.68
1978-06,7.6,65.0,5.9,9.7
1978-06,7.6,65.0,5.9,9.73
1978-06,7.6,65.0,5.9,9.73
1978-06,7.6,65.0,5.9,9.68
1978-06,7.6,65.0,5.9,9.7
1978-07,7.81,65.5,6.2,9.73
1978-07,7.81,65.5,6.2,9.73
1978-07,7.81,65.5,6.2,9.75
1978-07,7.81,65.5,6.2,9.75
1978-08,8.04,65.9,5.9,9.78
1978-08,8.04,65.9,5.9,9.78
1978-08,8.04,65.9,5.9,9.78
1978-08,8.04,65.9,5.9,9.8
1978-09,8.45,66.5,6.0,9.78
1978-09,8.45,66.5,6.0,9.75
1978-09,8.45,66.5,6.0,9.75
1978-09,8.45,66.5,6.0,9.75
1978-09,8.45,66.5,6.0,9.75
1978-10,8.96,67.1,5.8,9.85
1978-10,8.96,67.1,5.8,9.85
1978-10,8.96,67.1,5.8,9.85
1978-10,8.96,67.1,5.8,9.88
1978-11,9.76,67.5,5.9,9.9
1978-11,9.76,67.5,5.9,10.05
1978-11,9.76,67.5,5.9,10.2
1978-11,9.76,67.5,5.9,10.28
1978-12,10.03,67.9,6.0,10.38
1978-12,10.03,67.9,6.0,10.35
1978-12,10.03,67.9,6.0,10.3
1978-12,10.03,67.9,6.0,10.35
1978-12,10.03,67.9,6.0,10.35
1979-01,10.07,68.5,5.9,10.38
1979-01,10.07,68.5,5.9,10.38
1979-01,10.07,68.5,5.9,10.4
1979-01,10.07,68.5,5.9,10.4
1979-02,10.06,69.2,5.9,10.4
1979-02,10.06,69.2,5.9,10.43
1979-02,10.06,69.2,5.9,10.4
1979-02,10.06,69.2,5.9,10.4
1979-03,10.09,69.9,5.8,10.45
1979-03,10.09,69.9,5.8,10.4
1979-03,10.09,69.9,5.8,10.45
1979-03,10.09,69.9,5.8,10.43
1979-03,10.09,69.9,5.8,10.4
1979-04,10.01,70.6,5.8,10.48
1979-04,10.01,70.6,5.8,10.48
1979-04,10.01,70.6,5.8,10.5
1979-04,10.01,70.6,5.8,10.53
1979-05,10.24,71.4,5.6,10.6
1979-05,10.24,71.4,5.6,10.68
1979-05,10.24,71.4,5.6,10.73
1979-05,10.24,71.4,5.6,10.75
1979-06,10.29,72.2,5.7,11.1
1979-06,10.29,72.2,5.7,11.1
1979-06,10.29,72.2,5.7,11.03
1979-06,10.29,72.2,5.7,10.9
1979-06,10.29,72.2,5.7,11.05
1979-07,10.47,73.0,5.7,11.13
1979-07,10.47,73.0,5.7,11.08
1979-07,10.47,73.0,5.7,11.08
1979-07,10.47,73.0,5.7,11.08
1979-08,10.94,73.7,6.0,11.1
1979-08,10.94,73.7,6.0,11.08
1979-08,10.94,73.7,6.0,11.13
1979-08,10.94,73.7,6.0,11.08
1979-08,10.94,73.7,6.0,11.08
1979-09,11.43,74.4,5.9,11.2
1979-09,11.43,74.4,5.9,11.3
1979-09,11.43,74.4,5.9,11.35
1979-09,11.43,74.4,5.9,11.35
1979-10,13.77,75.2,6.0,11.35
1979-10,13.77,75.2,6.0,11.45
1979-10,13.77,75.2,6.0,11.75
1979-10,13.77,75.2,6.0,12.0
1979-11,13.18,76.0,5.9,12.8
1979-11,13.18,76.0,5.9,12.9
1979-11,13.18,76.0,5.9,12.8
1979-11,13.18,76.0,5.9,12.8
1979-11,13.18,76.0,5.9,12.85
1979-12,13.78,76.9,6.0,12.9
1979-12,13.78,76.9,6.0,12.9
1979-12,13.78,76.9,6.0,12.9
1979-12,13.78,76.9,6.0,12.9
1980-01,13.82,78.0,6.3,12.85
1980-01,13.82,78.0,6.3,12.9
1980-01,13.82,78.0,6.3,12.87
1980-01,13.82,78.0,6.3,12.89
1980-02,14.13,79.0,6.3,13.59
1980-02,14.13,79.0,6.3,13.03
1980-02,14.13,79.0,6.3,12.88
1980-02,14.13,79.0,6.3,12.85
1980-02,14.13,79.0,6.3,12.85
1980-03,17.19,80.1,6.3,14.0
1980-03,17.19,80.1,6.3,15.4
1980-03,17.19,80.1,6.3,15.7
1980-03,17.19,80.1,6.3,16.03
1980-04,17.61,80.9,6.9,16.35
1980-04,17.61,80.9,6.9,16.35
1980-04,17.61,80.9,6.9,16.35
1980-04,17.61,80.9,6.9,16.25
1980-05,10.98,81.7,7.5,13.2
1980-05,10.98,81.7,7.5,13.38
1980-05,10.98,81.7,7.5,15.9
1980-05,10.98,81.7,7.5,14.68
1980-05,10.98,81.7,7.5,14.15
1980-06,9.47,82.5,7.6,13.06
1980-06,9.47,82.5,7.6,12.85
1980-06,9.47,82.5,7.6,12.58
1980-06,9.47,82.5,7.6,12.35
1980-07,9.03,82.6,7.8,12.18
1980-07,9.03,82.6,7.8,12.23
1980-07,9.03,82.6,7.8,12.18
1980-07,9.03,82.6,7.8,12.18
1980-08,9.61,83.2,7.7,12.95
1980-08,9.61,83.2,7.7,12.8
1980-08,9.61,83.2,7.7,12.25
1980-08,9.61,83.2,7.7,12.25
1980-08,9.61,83.2,7.7,12.55
1980-09,10.87,83.9,7.5,13.03
1980-09,10.87,83.9,7.5,13.08
1980-09,10.87,83.9,7.5,13.25
1980-09,10.87,83.9,7.5,13.43
1980-10,12.81,84.7,7.5,13.85
1980-10,12.81,84.7,7.5,13.78
1980-10,12.81,84.7,7.5,14.0
1980-10,12.81,84.7,7.5,13.6
1980-10,12.81,84.7,7.5,13.73
1980-11,15.85,85.6,7.5,14.28
1980-11,15.85,85.6,7.5,14.28
1980-11,15.85,85.6,7.5,14.18
1980-11,15.85,85.6,7.5,14.08
1980-12,18.9,86.4,7.2,14.43
1980-12,18.9,86.4,7.2,14.83
1980-12,18.9,86.4,7.2,14.95
1980-12,18.9,86.4,7.2,14.95
1981-01,19.08,87.2,7.5,14.95
1981-01,19.08,87.2,7.5,14.8
1981-01,19.08,87.2,7.5,14.85
1981-01,19.08,87.2,7.5,14.85
1981-01,19.08,87.2,7.5,15.07
1981-02,15.93,88.0,7.4,15.3
1981-02,15.93,88.0,7.4,15.2
1981-02,15.93,88.0,7.4,15.03
1981-02,15.93,88.0,7.4,15.0
1981-03,14.7,88.6,7.4,15.4
1981-03,14.7,88.6,7.4,15.4
1981-03,14.7,88.6,7.4,15.4
1981-03,14.7,88.6,7.4,15.4
1981-04,15.72,89.1,7.2,15.4
1981-04,15.72,89.1,7.2,15.5
1981-04,15.72,89.1,7.2,15.65
1981-04,15.72,89.1,7.2,15.77
1981-05,18.52,89.7,7.5,16.8
1981-05,18.52,89.7,7.5,16.63
1981-05,18.52,89.7,7.5,15.82
1981-05,18.52,89.7,7.5,16.12
1981-05,18.52,89.7,7.5,16.64
1981-06,19.1,90.5,7.5,16.76
1981-06,19.1,90.5,7.5,16.69
1981-06,19.1,90.5,7.5,16.71
1981-06,19.1,90.5,7.5,16.62
1981-07,19.04,91.5,7.2,16.88
1981-07,19.04,91.5,7.2,16.74
1981-07,19.04,91.5,7.2,17.11
1981-07,19.04,91.5,7.2,16.64
1981-07,19.04,91.5,7.2,16.79
1981-08,17.82,92.2,7.4,17.13
1981-08,17.82,92.2,7.4,17.27
1981-08,17.82,92.2,7.4,17.26
1981-08,17.82,92.2,7.4,17.48
1981-09,15.87,93.1,7.6,17.79
1981-09,15.87,93.1,7.6,18.22
1981-09,15.87,93.1,7.6,18.27
1981-09,15.87,93.1,7.6,18.36
1981-10,15.08,93.4,7.9,18.39
1981-10,15.08,93.4,7.9,18.53
1981-10,15.08,93.4,7.9,18.44
1981-10,15.08,93.4,7.9,18.28
1981-10,15.08,93.4,7.9,18.63
1981-11,13.31,93.8,8.3,18.37
1981-11,13.31,93.8,8.3,18.02
1981-11,13.31,93.8,8.3,17.7
1981-11,13.31,93.8,8.3,17.21
1981-12,12.37,94.1,8.5,16.9
1981-12,12.37,94.1,8.5,16.94
1981-12,12.37,94.1,8.5,16.9
1981-12,12.37,94.1,8.5,16.95
1981-12,12.37,94.1,8.5,17.04
1982-01,13.22,94.4,8.6,17.59
1982-01,13.22,94.4,8.6,17.61
1982-01,13.22,94.4,8.6,17.3
1982-01,13.22,94.4,8.6,17.44
1982-02,14.78,94.7,8.9,17.56
1982-02,14.78,94.7,8.9,17.65
1982-02,14.78,94.7,8.9,17.66
1982-02,14.78,94.7,8.9,17.52
1982-03,14.68,94.7,9.0,17.29
1982-03,14.68,94.7,9.0,17.19
1982-03,14.68,94.7,9.0,17.12
1982-03,14.68,94.7,9.0,17.04
1982-04,14.94,95.0,9.3,16.81
1982-04,14.94,95.0,9.3,16.86
1982-04,14.94,95.0,9.3,16.93
1982-04,14.94,95.0,9.3,16.95
1982-04,14.94,95.0,9.3,16.91
1982-05,14.45,95.9,9.4,16.78
1982-05,14.45,95.9,9.4,16.63
1982-05,14.45,95.9,9.4,16.67
1982-05,14.45,95.9,9.4,16.63
1982-06,14.15,97.0,9.6,16.65
1982-06,14.15,97.0,9.6,16.7
1982-06,14.15,97.0,9.6,16.71
1982-06,14.15,97.0,9.6,16.73
1982-07,12.59,97.5,9.8,16.65
1982-07,12.59,97.5,9.8,16.75
1982-07,12.59,97.5,9.8,16.88
1982-07,12.59,97.5,9.8,16.87
1982-07,12.59,97.5,9.8,16.93
1982-08,10.12,97.7,9.8,16.55
1982-08,10.12,97.7,9.8,16.44
1982-08,10.12,97.7,9.8,16.21
1982-08,10.12,97.7,9.8,15.88
1982-09,10.31,97.7,10.1,15.59
1982-09,10.31,97.7,10.1,15.56
1982-09,10.31,97.7,10.1,15.38
1982-09,10.31,97.7,10.1,15.19
1982-10,9.71,98.1,10.4,14.15
1982-10,9.71,98.1,10.4,14.2
1982-10,9.71,98.1,10.4,14.6
1982-10,9.71,98.1,10.4,14.96
1982-10,9.71,98.1,10.4,15.13
1982-11,9.2,98.0,10.8,13.91
1982-11,9.2,98.0,10.8,13.84
1982-11,9.2,98.0,10.8,13.78
1982-11,9.2,98.0,10.8,13.77
1982-12,8.95,97.7,10.8,13.66
1982-12,8.95,97.7,10.8,13.66
1982-12,8.95,97.7,10.8,13.63
1982-12,8.95,97.7,10.8,13.6
1982-12,8.95,97.7,10.8,13.57
1983-01,8.68,97.9,10.4,13.1
1983-01,8.68,97.9,10.4,13.12
1983-01,8.68,97.9,10.4,13.31
1983-01,8.68,97.9,10.4,13.46
1983-02,8.51,98.0,10.4,13.06
1983-02,8.51,98.0,10.4,13.06
1983-02,8.51,98.0,10.4,13.07
1983-02,8.51,98.0,10.4,12.98
1983-03,8.77,98.1,10.3,12.74
1983-03,8.77,98.1,10.3,12.79
1983-03,8.77,98.1,10.3,12.81
1983-03,8.77,98.1,10.3,12.86
1983-04,8.8,98.8,10.2,12.73
1983-04,8.8,98.8,10.2,12.75
1983-04,8.8,98.8,10.2,12.82
1983-04,8.8,98.8,10.2,12.82
1983-04,8.8,98.8,10.2,12.79
1983-05,8.63,99.2,10.1,12.71
1983-05,8.63,99.2,10.1,12.59
1983-05,8.63,99.2,10.1,12.55
1983-05,8.63,99.2,10.1,12.68
1983-06,8.98,99.4,10.1,12.74
1983-06,8.98,99.4,10.1,12.82
1983-06,8.98,99.4,10.1,12.96
1983-06,8.98,99.4,10.1,12.96
1983-07,9.37,99.8,9.4,13.65
1983-07,9.37,99.8,9.4,13.58
1983-07,9.37,99.8,9.4,13.08
1983-07,9.37,99.8,9.4,13.3
1983-07,9.37,99.8,9.4,13.5
1983-08,9.56,100.1,9.5,13.73
1983-08,9.56,100.1,9.5,13.84
1983-08,9.56,100.1,9.5,13.89
1983-08,9.56,100.1,9.5,13.78
1983-09,9.45,100.4,9.2,13.72
1983-09,9.45,100.4,9.2,13.72
1983-09,9.45,100.4,9.2,13.65
1983-09,9.45,100.4,9.2,13.77
1983-09,9.45,100.4,9.2,13.77
1983-10,9.48,100.8,8.8,13.59
1983-10,9.48,100.8,8.8,13.6
1983-10,9.48,100.8,8.8,13.52
1983-10,9.48,100.8,8.8,13.43
1983-11,9.34,101.1,8.5,13.42
1983-11,9.34,101.1,8.5,13.47
1983-11,9.34,101.1,8.5,13.42
1983-11,9.34,101.1,8.5,13.43
1983-12,9.47,101.4,8.3,13.43
1983-12,9.47,101.4,8.3,13.46
1983-12,9.47,101.4,8.3,13.41
1983-12,9.47,101.4,8.3,13.38
1983-12,9.47,101.4,8.3,13.42
1984-01,9.56,102.1,8.0,13.43
1984-01,9.56,102.1,8.0,13.4
1984-01,9.56,102.1,8.0,13.35
1984-01,9.56,102.1,8.0,13.29
1984-02,9.59,102.6,7.8,13.26
1984-02,9.59,102.6,7.8,13.23
1984-02,9.59,102.6,7.8,13.19
1984-02,9.59,102.6,7.8,13.25
1984-03,9.91,102.9,7.8,13.48
1984-03,9.91,102.9,7.8,13.55
1984-03,9.91,102.9,7.8,13.37
1984-03,9.91,102.9,7.8,13.23
1984-03,9.91,102.9,7.8,13.3
1984-04,10.29,103.3,7.7,13.63
1984-04,10.29,103.3,7.7,13.58
1984-04,10.29,103.3,7.7,13.67
1984-04,10.29,103.3,7.7,13.73
1984-05,10.32,103.5,7.4,13.78
1984-05,10.32,103.5,7.4,13.87
1984-05,10.32,103.5,7.4,14.04
1984-05,10.32,103.5,7.4,14.08
1984-06,11.06,103.7,7.2,14.5
1984-06,11.06,103.7,7.2,14.49
1984-06,11.06,103.7,7.2,14.47
1984-06,11.06,103.7,7.2,14.29
1984-06,11.06,103.7,7.2,14.33
1984-07,11.23,104.1,7.5,14.66
1984-07,11.23,104.1,7.5,14.68
1984-07,11.23,104.1,7.5,14.66
1984-07,11.23,104.1,7.5,14.67
1984-08,11.64,104.4,7.5,14.68
1984-08,11.64,104.4,7.5,14.54
1984-08,11.64,104.4,7.5,14.39
1984-08,11.64,104.4,7.5,14.38
1984-08,11.64,104.4,7.5,14.36
1984-09,11.3,104.7,7.3,14.29
1984-09,11.3,104.7,7.3,14.26
1984-09,11.3,104.7,7.3,14.43
1984-09,11.3,104.7,7.3,14.42
1984-10,9.99,105.1,7.4,14.18
1984-10,9.99,105.1,7.4,14.19
1984-10,9.99,105.1,7.4,14.1
1984-10,9.99,105.1,7.4,14.05
1984-11,9.43,105.3,7.2,13.42
1984-11,9.43,105.3,7.2,13.85
1984-11,9.43,105.3,7.2,13.74
1984-11,9.43,105.3,7.2,13.63
1984-11,9.43,105.3,7.2,13.55
1984-12,8.38,105.5,7.3,13.14
1984-12,8.38,105.5,7.3,13.18
1984-12,8.38,105.5,7.3,13.2
1984-12,8.38,105.5,7.3,13.2
1985-01,8.35,105.7,7.3,12.96
1985-01,8.35,105.7,7.3,13.1
1985-01,8.35,105.7,7.3,13.12
1985-01,8.35,105.7,7.3,13.12
1985-02,8.5,106.3,7.2,12.9
1985-02,8.5,106.3,7.2,12.94
1985-02,8.5,106.3,7.2,12.93
1985-02,8.5,106.3,7.2,12.91
1985-03,8.58,106.8,7.2,13.29
1985-03,8.58,106.8,7.2,13.24
1985-03,8.58,106.8,7.2,13.02
1985-03,8.58,106.8,7.2,13.1
1985-03,8.58,106.8,7.2,13.2
1985-04,8.27,107.0,7.3,13.27
1985-04,8.27,107.0,7.3,13.23
1985-04,8.27,107.0,7.3,13.16
1985-04,8.27,107.0,7.3,13.12
1985-05,7.97,107.2,7.2,12.71
1985-05,7.97,107.2,7.2,12.94
1985-05,7.97,107.2,7.2,12.83
1985-05,7.97,107.2,7.2,13.07
1985-05,7.97,107.2,7.2,13.02
1985-06,7.53,107.5,7.4,12.39
1985-06,7.53,107.5,7.4,12.27
1985-06,7.53,107.5,7.4,12.05
1985-06,7.53,107.5,7.4,12.15
1985-07,7.88,107.7,7.4,11.94
1985-07,7.88,107.7,7.4,12.13
1985-07,7.88,107.7,7.4,12.03
1985-07,7.88,107.7,7.4,12.03
1985-08,7.9,107.9,7.1,12.11
1985-08,7.9,107.9,7.1,12.18
1985-08,7.9,107.9,7.1,12.24
1985-08,7.9,107.9,7.1,12.23
1985-08,7.9,107.9,7.1,12.17
1985-09,7.92,108.1,7.1,12.15
1985-09,7.92,108.1,7.1,12.24
1985-09,7.92,108.1,7.1,12.21
1985-09,7.92,108.1,7.1,12.17
1985-10,7.99,108.5,7.1,12.17
1985-10,7.99,108.5,7.1,12.17
1985-10,7.99,108.5,7.1,12.13
1985-10,7.99,108.5,7.1,12.07
1985-11,8.05,109.0,7.0,11.58
1985-11,8.05,109.0,7.0,11.64
1985-11,8.05,109.0,7.0,12.01
1985-11,8.05,109.0,7.0,11.9
1985-11,8.05,109.0,7.0,11.79
1985-12,8.27,109.5,7.0,11.5
1985-12,8.27,109.5,7.0,11.31
1985-12,8.27,109.5,7.0,11.14
1985-12,8.27,109.5,7.0,11.09
1986-01,8.14,109.9,6.7,10.89
1986-01,8.14,109.9,6.7,10.99
1986-01,8.14,109.9,6.7,10.97
1986-01,8.14,109.9,6.7,10.81
1986-01,8.14,109.9,6.7,10.77
1986-02,7.86,109.7,7.2,10.85
1986-02,7.86,109.7,7.2,10.8
1986-02,7.86,109.7,7.2,10.68
1986-02,7.86,109.7,7.2,10.51
1986-03,7.48,109.1,7.2,10.1
1986-03,7.48,109.1,7.2,10.2
1986-03,7.48,109.1,7.2,10.01
1986-03,7.48,109.1,7.2,10.01
1986-04,6.99,108.7,7.1,9.86
1986-04,6.99,108.7,7.1,9.92
1986-04,6.99,108.7,7.1,9.98
1986-04,6.99,108.7,7.1,9.99
1986-05,6.85,109.0,7.2,10.38
1986-05,6.85,109.0,7.2,9.9
1986-05,6.85,109.0,7.2,10.0
1986-05,6.85,109.0,7.2,10.08
1986-05,6.85,109.0,7.2,10.36
1986-06,6.92,109.4,7.2,10.61
1986-06,6.92,109.4,7.2,10.62
1986-06,6.92,109.4,7.2,10.74
1986-06,6.92,109.4,7.2,10.76
1986-07,6.56,109.5,7.0,10.4
1986-07,6.56,109.5,7.0,10.43
1986-07,6.56,109.5,7.0,10.61
1986-07,6.56,109.5,7.0,10.59
1986-08,6.17,109.6,6.9,9.93
1986-08,6.17,109.6,6.9,10.04
1986-08,6.17,109.6,6.9,10.4
1986-08,6.17,109.6,6.9,10.4
1986-08,6.17,109.6,6.9,10.23
1986-09,5.89,110.0,7.0,9.9
1986-09,5.89,110.0,7.0,9.96
1986-09,5.89,110.0,7.0,10.07
1986-09,5.89,110.0,7.0,10.1
1986-10,5.85,110.2,7.0,9.95
1986-10,5.85,110.2,7.0,9.96
1986-10,5.85,110.2,7.0,9.89
1986-10,5.85,110.2,7.0,10.08
1986-10,5.85,110.2,7.0,9.99
1986-11,6.04,110.4,6.9,9.83
1986-11,6.04,110.4,6.9,9.81
1986-11,6.04,110.4,6.9,9.64
1986-11,6.04,110.4,6.9,9.5
1986-12,6.91,110.8,6.6,9.3
1986-12,6.91,110.8,6.6,9.35
1986-12,6.91,110.8,6.6,9.3
1986-12,6.91,110.8,6.6,9.29
1987-01,6.43,111.4,6.6,9.08
1987-01,6.43,111.4,6.6,9.04
1987-01,6.43,111.4,6.6,9.32
1987-01,6.43,111.4,6.6,9.37
1987-01,6.43,111.4,6.6,9.21
1987-02,6.1,111.8,6.6,9.06
1987-02,6.1,111.8,6.6,9.09
1987-02,6.1,111.8,6.6,9.11
1987-02,6.1,111.8,6.6,9.07
1987-03,6.13,112.2,6.6,9.03
1987-03,6.13,112.2,6.6,9.03
1987-03,6.13,112.2,6.6,9.05
1987-03,6.13,112.2,6.6,9.03
1987-04,6.37,112.7,6.3,9.26
1987-04,6.37,112.7,6.3,9.43
1987-04,6.37,112.7,6.3,10.27
1987-04,6.37,112.7,6.3,10.37
1987-05,6.85,113.0,6.3,10.81
1987-05,6.85,113.0,6.3,10.48
1987-05,6.85,113.0,6.3,10.7
1987-05,6.85,113.0,6.3,10.47
1987-05,6.85,113.0,6.3,10.52
1987-06,6.73,113.5,6.2,10.44
1987-06,6.73,113.5,6.2,10.35
1987-06,6.73,113.5,6.2,10.7
1987-06,6.73,113.5,6.2,10.66
1987-07,6.58,113.8,6.1,10.36
1987-07,6.58,113.8,6.1,10.3
1987-07,6.58,113.8,6.1,10.23
1987-07,6.58,113.8,6.1,10.23
1987-07,6.58,113.8,6.1,10.27
1987-08,6.73,114.3,6.0,10.3
1987-08,6.73,114.3,6.0,10.33
1987-08,6.73,114.3,6.0,10.35
1987-08,6.73,114.3,6.0,10.34
1987-09,7.22,114.7,5.9,10.63
1987-09,7.22,114.7,5.9,10.91
1987-09,7.22,114.7,5.9,10.99
1987-09,7.22,114.7,5.9,11.02
1987-10,7.29,115.0,6.0,10.97
1987-10,7.29,115.0,6.0,11.18
1987-10,7.29,115.0,6.0,11.21
1987-10,7.29,115.0,6.0,11.58
1987-10,7.29,115.0,6.0,11.36
1987-11,6.69,115.4,5.8,10.6
1987-11,6.69,115.4,5.8,10.55
1987-11,6.69,115.4,5.8,10.79
1987-11,6.69,115.4,5.8,10.66
1987-12,6.77,115.6,5.7,10.6
1987-12,6.77,115.6,5.7,10.66
1987-12,6.77,115.6,5.7,10.69
1987-12,6.77,115.6,5.7,10.64
1987-12,6.77,115.6,5.7,10.61
1988-01,6.83,116.0,5.7,10.5
1988-01,6.83,116.0,5.7,10.53
1988-01,6.83,116.0,5.7,10.34
1988-01,6.83,116.0,5.7,10.16
1988-02,6.58,116.2,5.7,9.87
1988-02,6.58,116.2,5.7,9.92
1988-02,6.58,116.2,5.7,9.84
1988-02,6.58,116.2,5.7,9.94
1988-03,6.58,116.5,5.7,9.85
1988-03,6.58,116.5,5.7,9.96
1988-03,6.58,116.5,5.7,9.92
1988-03,6.58,116.5,5.7,9.99
1988-04,6.87,117.2,5.4,10.28
1988-04,6.87,117.2,5.4,10.05
1988-04,6.87,117.2,5.4,10.19
1988-04,6.87,117.2,5.4,10.19
1988-04,6.87,117.2,5.4,10.3
1988-05,7.09,117.5,5.6,10.52
1988-05,7.09,117.5,5.6,10.58
1988-05,7.09,117.5,5.6,10.32
1988-05,7.09,117.5,5.6,10.4
1988-06,7.51,118.0,5.4,10.35
1988-06,7.51,118.0,5.4,10.4
1988-06,7.51,118.0,5.4,10.58
1988-06,7.51,118.0,5.4,10.51
1988-07,7.75,118.5,5.4,10.49
1988-07,7.75,118.5,5.4,10.46
1988-07,7.75,118.5,5.4,10.39
1988-07,7.75,118.5,5.4,10.38
1988-07,7.75,118.5,5.4,10.44
1988-08,8.01,119.0,5.6,10.44
1988-08,8.01,119.0,5.6,10.57
1988-08,8.01,119.0,5.6,10.71
1988-08,8.01,119.0,5.6,10.67
1988-09,8.19,119.5,5.4,10.4
1988-09,8.19,119.5,5.4,10.4
1988-09,8.19,119.5,5.4,10.42
1988-09,8.19,119.5,5.4,10.65
1988-09,8.19,119.5,5.4,10.53
1988-10,8.3,119.9,5.4,10.38
1988-10,8.3,119.9,5.4,10.33
1988-10,8.3,119.9,5.4,10.28
1988-10,8.3,119.9,5.4,10.22
1988-11,8.35,120.3,5.3,10.12
1988-11,8.35,120.3,5.3,10.24
1988-11,8.35,120.3,5.3,10.31
1988-11,8.35,120.3,5.3,10.39
1988-12,8.76,120.7,5.3,10.68
1988-12,8.76,120.7,5.3,10.71
1988-12,8.76,120.7,5.3,10.77
1988-12,8.76,120.7,5.3,10.44
1988-12,8.76,120.7,5.3,10.46
1989-01,9.12,121.2,5.4,10.8
1989-01,9.12,121.2,5.4,10.81
1989-01,9.12,121.2,5.4,10.71
1989-01,9.12,121.2,5.4,10.6
1989-02,9.36,121.6,5.2,10.55
1989-02,9.36,121.6,5.2,10.56
1989-02,9.36,121.6,5.2,10.69
1989-02,9.36,121.6,5.2,10.78
1989-03,9.85,122.2,5.0,11.19
1989-03,9.85,122.2,5.0,11.22
1989-03,9.85,122.2,5.0,10.98
1989-03,9.85,122.2,5.0,10.91
1989-03,9.85,122.2,5.0,10.86
1989-04,9.84,123.1,5.2,11.07
1989-04,9.84,123.1,5.2,11.11
1989-04,9.84,123.1,5.2,10.99
1989-04,9.84,123.1,5.2,11.03
1989-05,9.81,123.7,5.2,10.97
1989-05,9.81,123.7,5.2,10.93
1989-05,9.81,123.7,5.2,10.69
1989-05,9.81,123.7,5.2,10.5
1989-06,9.53,124.1,5.3,10.07
1989-06,9.53,124.1,5.3,10.19
1989-06,9.53,124.1,5.3,10.2
1989-06,9.53,124.1,5.3,10.48
1989-06,9.53,124.1,5.3,10.04
1989-07,9.24,124.5,5.2,10.03
1989-07,9.24,124.5,5.2,9.82
1989-07,9.24,124.5,5.2,9.87
1989-07,9.24,124.5,5.2,9.81
1989-08,8.99,124.5,5.2,10.21
1989-08,8.99,124.5,5.2,9.68
1989-08,8.99,124.5,5.2,9.96
1989-08,8.99,124.5,5.2,10.09
1989-09,9.02,124.8,5.3,10.16
1989-09,9.02,124.8,5.3,10.03
1989-09,9.02,124.8,5.3,10.22
1989-09,9.02,124.8,5.3,10.17
1989-09,9.02,124.8,5.3,10.05
1989-10,8.84,125.4,5.3,9.92
1989-10,8.84,125.4,5.3,10.1
1989-10,8.84,125.4,5.3,9.95
1989-10,8.84,125.4,5.3,9.82
1989-11,8.55,125.9,5.4,9.74
1989-11,8.55,125.9,5.4,9.72
1989-11,8.55,125.9,5.4,9.79
1989-11,8.55,125.9,5.4,9.82
1989-12,8.45,126.3,5.4,9.74
1989-12,8.45,126.3,5.4,9.76
1989-12,8.45,126.3,5.4,9.75
1989-12,8.45,126.3,5.4,9.69
1989-12,8.45,126.3,5.4,9.78
1990-01,8.23,127.5,5.4,9.9
1990-01,8.23,127.5,5.4,10.05
1990-01,8.23,127.5,5.4,9.83
1990-01,8.23,127.5,5.4,9.8
1990-02,8.24,128.0,5.3,10.17
1990-02,8.24,128.0,5.3,10.21
1990-02,8.24,128.0,5.3,10.1
1990-02,8.24,128.0,5.3,10.31
1990-03,8.28,128.6,5.2,10.22
1990-03,8.28,128.6,5.2,10.23
1990-03,8.28,128.6,5.2,10.29
1990-03,8.28,128.6,5.2,10.34
1990-03,8.28,128.6,5.2,10.26
1990-04,8.26,128.9,5.4,10.41
1990-04,8.26,128.9,5.4,10.56
1990-04,8.26,128.9,5.4,10.26
1990-04,8.26,128.9,5.4,10.25
1990-05,8.18,129.1,5.4,10.37
1990-05,8.18,129.1,5.4,10.33
1990-05,8.18,129.1,5.4,10.67
1990-05,8.18,129.1,5.4,10.54
1990-06,8.29,129.9,5.2,10.29
1990-06,8.29,129.9,5.2,10.1
1990-06,8.29,129.9,5.2,10.12
1990-06,8.29,129.9,5.2,10.16
1990-06,8.29,129.9,5.2,10.15
1990-07,8.15,130.5,5.5,9.99
1990-07,8.15,130.5,5.5,9.98
1990-07,8.15,130.5,5.5,10.06
1990-07,8.15,130.5,5.5,10.11
1990-08,8.13,131.6,5.7,9.84
1990-08,8.13,131.6,5.7,10.08
1990-08,8.13,131.6,5.7,10.05
1990-08,8.13,131.6,5.7,10.29
1990-08,8.13,131.6,5.7,10.24
1990-09,8.2,132.5,5.9,10.22
1990-09,8.2,132.5,5.9,10.19
1990-09,8.2,132.5,5.9,10.13
1990-09,8.2,132.5,5.9,10.16
1990-10,8.11,133.4,5.9,10.24
1990-10,8.11,133.4,5.9,10.17
1990-10,8.11,133.4,5.9,10.08
1990-10,8.11,133.4,5.9,10.22
1990-11,7.81,133.7,6.2,10.13
1990-11,7.81,133.7,6.2,10.09
1990-11,7.81,133.7,6.2,10.02
1990-11,7.81,133.7,6.2,9.93
1990-11,7.81,133.7,6.2,9.9
1990-12,7.31,134.2,6.3,9.81
1990-12,7.31,134.2,6.3,9.56
1990-12,7.31,134.2,6.3,9.64
1990-12,7.31,134.2,6.3,9.68
1991-01,6.91,134.7,6.4,9.61
1991-01,6.91,134.7,6.4,9.75
1991-01,6.91,134.7,6.4,9.63
1991-01,6.91,134.7,6.4,9.56
1991-02,6.25,134.8,6.6,9.56
1991-02,6.25,134.8,6.6,9.36
1991-02,6.25,134.8,6.6,9.25
1991-02,6.25,134.8,6.6,9.29
1991-03,6.12,134.8,6.8,9.52
1991-03,6.12,134.8,6.8,9.4
1991-03,6.12,134.8,6.8,9.49
1991-03,6.12,134.8,6.8,9.5
1991-03,6.12,134.8,6.8,9.59
1991-04,5.91,135.1,6.7,9.47
1991-04,5.91,135.1,6.7,9.53
1991-04,5.91,135.1,6.7,9.49
1991-04,5.91,135.1,6.7,9.48
1991-05,5.78,135.6,6.9,9.47
1991-05,5.78,135.6,6.9,9.47
1991-05,5.78,135.6,6.9,9.5
1991-05,5.78,135.6,6.9,9.47
1991-05,5.78,135.6,6.9,9.45
1991-06,5.9,136.0,6.9,9.48
1991-06,5.9,136.0,6.9,9.66
1991-06,5.9,136.0,6.9,9.65
1991-06,5.9,136.0,6.9,9.67
1991-07,5.82,136.2,6.8,9.5
1991-07,5.82,136.2,6.8,9.54
1991-07,5.82,136.2,6.8,9.62
1991-07,5.82,136.2,6.8,9.64
1991-08,5.66,136.6,6.9,9.44
1991-08,5.66,136.6,6.9,9.27
1991-08,5.66,136.6,6.9,9.19
1991-08,5.66,136.6,6.9,9.17
1991-08,5.66,136.6,6.9,9.15
1991-09,5.45,137.0,6.9,9.14
1991-09,5.45,137.0,6.9,9.02
1991-09,5.45,137.0,6.9,8.95
1991-09,5.45,137.0,6.9,8.92
1991-10,5.21,137.2,7.0,8.91
1991-10,5.21,137.2,7.0,8.82
1991-10,5.21,137.2,7.0,8.82
1991-10,5.21,137.2,7.0,8.87
1991-11,4.81,137.8,7.0,8.78
1991-11,4.81,137.8,7.0,8.76
1991-11,4.81,137.8,7.0,8.69
1991-11,4.81,137.8,7.0,8.63
1991-11,4.81,137.8,7.0,8.7
1991-12,4.43,138.2,7.3,8.35
1991-12,4.43,138.2,7.3,8.62
1991-12,4.43,138.2,7.3,8.53
1991-12,4.43,138.2,7.3,8.49
1992-01,4.03,138.3,7.3,8.68
1992-01,4.03,138.3,7.3,8.56
1992-01,4.03,138.3,7.3,8.23
1992-01,4.03,138.3,7.3,8.24
1992-01,4.03,138.3,7.3,8.45
1992-02,4.06,138.6,7.4,8.83
1992-02,4.06,138.6,7.4,8.67
1992-02,4.06,138.6,7.4,8.73
1992-02,4.06,138.6,7.4,8.82
1992-03,3.98,139.1,7.4,9.03
1992-03,3.98,139.1,7.4,8.98
1992-03,3.98,139.1,7.4,8.85
1992-03,3.98,139.1,7.4,8.88
1992-04,3.73,139.4,7.4,8.76
1992-04,3.73,139.4,7.4,8.85
1992-04,3.73,139.4,7.4,8.96
1992-04,3.73,139.4,7.4,8.84
1992-05,3.82,139.7,7.6,8.84
1992-05,3.82,139.7,7.6,8.75
1992-05,3.82,139.7,7.6,8.64
1992-05,3.82,139.7,7.6,8.53
1992-05,3.82,139.7,7.6,8.6
1992-06,3.76,140.1,7.8,8.48
1992-06,3.76,140.1,7.8,8.43
1992-06,3.76,140.1,7.8,8.59
1992-06,3.76,140.1,7.8,8.54
1992-07,3.25,140.5,7.7,8.29
1992-07,3.25,140.5,7.7,8.13
1992-07,3.25,140.5,7.7,8.09
1992-07,3.25,140.5,7.7,8.08
1992-07,3.25,140.5,7.7,8.05
1992-08,3.3,140.8,7.6,8.01
1992-08,3.3,140.8,7.6,8.06
1992-08,3.3,140.8,7.6,7.96
1992-08,3.3,140.8,7.6,7.87
1992-09,3.22,141.1,7.6,7.89
1992-09,3.22,141.1,7.6,8.02
1992-09,3.22,141.1,7.6,7.94
1992-09,3.22,141.1,7.6,7.84
1992-10,3.1,141.7,7.3,7.93
1992-10,3.1,141.7,7.3,8.01
1992-10,3.1,141.7,7.3,8.06
1992-10,3.1,141.7,7.3,8.23
1992-10,3.1,141.7,7.3,8.21
1992-11,3.09,142.1,7.4,8.29
1992-11,3.09,142.1,7.4,8.32
1992-11,3.09,142.1,7.4,8.32
1992-11,3.09,142.1,7.4,8.29
1992-12,2.92,142.3,7.4,8.14
1992-12,2.92,142.3,7.4,8.13
1992-12,2.92,142.3,7.4,8.23
1992-12,2.92,142.3,7.4,8.34
1992-12,2.92,142.3,7.4,8.19
1993-01,3.02,142.8,7.3,8.07
1993-01,3.02,142.8,7.3,8.04
1993-01,3.02,142.8,7.3,8.0
1993-01,3.02,142.8,7.3,7.86
1993-02,3.03,143.1,7.1,7.53
1993-02,3.03,143.1,7.1,7.8
1993-02,3.03,143.1,7.1,7.75
1993-02,3.03,143.1,7.1,7.65
1993-03,3.07,143.3,7.0,7.57
1993-03,3.07,143.3,7.0,7.5
1993-03,3.07,143.3,7.0,7.44
1993-03,3.07,143.3,7.0,7.47
1993-04,2.96,143.8,7.1,7.53
1993-04,2.96,143.8,7.1,7.57
1993-04,2.96,143.8,7.1,7.45
1993-04,2.96,143.8,7.1,7.38
1993-04,2.96,143.8,7.1,7.43
1993-05,3.0,144.2,7.1,7.42
1993-05,3.0,144.2,7.1,7.42
1993-05,3.0,144.2,7.1,7.52
1993-05,3.0,144.2,7.1,7.5
1993-06,3.04,144.3,7.0,7.34
1993-06,3.04,144.3,7.0,7.38
1993-06,3.04,144.3,7.0,7.47
1993-06,3.04,144.3,7.0,7.48
1993-07,3.06,144.5,6.9,7.23
1993-07,3.06,144.5,6.9,7.19
1993-07,3.06,144.5,6.9,7.16
1993-07,3.06,144.5,6.9,7.2
1993-07,3.06,144.5,6.9,7.25
1993-08,3.03,144.8,6.8,7.21
1993-08,3.03,144.8,6.8,7.17
1993-08,3.03,144.8,6.8,7.1
1993-08,3.03,144.8,6.8,6.97
1993-09,3.09,145.0,6.7,6.95
1993-09,3.09,145.0,6.7,6.96
1993-09,3.09,145.0,6.7,6.82
1993-09,3.09,145.0,6.7,6.93
1993-10,2.99,145.6,6.8,6.89
1993-10,2.99,145.6,6.8,6.87
1993-10,2.99,145.6,6.8,6.81
1993-10,2.99,145.6,6.8,6.74
1993-10,2.99,145.6,6.8,6.86
1993-11,3.02,146.0,6.6,7.11
1993-11,3.02,146.0,6.6,7.12
1993-11,3.02,146.0,6.6,7.08
1993-11,3.02,146.0,6.6,7.31
1993-12,2.96,146.3,6.5,7.17
1993-12,2.96,146.3,6.5,7.13
1993-12,2.96,146.3,6.5,7.17
1993-12,2.96,146.3,6.5,7.14
1993-12,2.96,146.3,6.5,7.25
1994-01,3.05,146.3,6.6,7.23
1994-01,3.05,146.3,6.6,6.99
1994-01,3.05,146.3,6.6,7.05
1994-01,3.05,146.3,6.6,6.97
1994-02,3.25,146.7,6.6,6.97
1994-02,3.25,146.7,6.6,7.21
1994-02,3.25,146.7,6.6,7.11
1994-02,3.25,146.7,6.6,7.32
1994-03,3.34,147.1,6.5,7.8
1994-03,3.34,147.1,6.5,7.76
1994-03,3.34,147.1,6.5,7.51
1994-03,3.34,147.1,6.5,7.63
1994-04,3.56,147.2,6.4,8.04
1994-04,3.56,147.2,6.4,8.47
1994-04,3.56,147.2,6.4,8.26
1994-04,3.56,147.2,6.4,8.49
1994-04,3.56,147.2,6.4,8.32
1994-05,4.01,147.5,6.1,8.53
1994-05,4.01,147.5,6.1,8.53
1994-05,4.01,147.5,6.1,8.77
1994-05,4.01,147.5,6.1,8.56
1994-06,4.25,147.9,6.1,8.46
1994-06,4.25,147.9,6.1,8.33
1994-06,4.25,147.9,6.1,8.55
1994-06,4.25,147.9,6.1,8.25
1994-07,4.26,148.4,6.1,8.57
1994-07,4.26,148.4,6.1,8.57
1994-07,4.26,148.4,6.1,8.68
1994-07,4.26,148.4,6.1,8.72
1994-07,4.26,148.4,6.1,8.53
1994-08,4.47,149.0,6.0,8.54
1994-08,4.47,149.0,6.0,8.56
1994-08,4.47,149.0,6.0,8.38
1994-08,4.47,149.0,6.0,8.57
1994-09,4.73,149.3,5.9,8.82
1994-09,4.73,149.3,5.9,8.73
1994-09,4.73,149.3,5.9,8.48
1994-09,4.73,149.3,5.9,8.51
1994-09,4.73,149.3,5.9,8.66
1994-10,4.76,149.4,5.8,8.89
1994-10,4.76,149.4,5.8,8.93
1994-10,4.76,149.4,5.8,8.85
1994-10,4.76,149.4,5.8,9.03
1994-11,5.29,149.8,5.6,9.19
1994-11,5.29,149.8,5.6,9.25
1994-11,5.29,149.8,5.6,9.05
1994-11,5.29,149.8,5.6,9.19
1994-12,5.45,150.1,5.5,9.23
1994-12,5.45,150.1,5.5,9.15
1994-12,5.45,150.1,5.5,9.25
1994-12,5.45,150.1,5.5,9.18
1994-12,5.45,150.1,5.5,9.18
1995-01,5.53,150.5,5.6,9.05
1995-01,5.53,150.5,5.6,9.22
1995-01,5.53,150.5,5.6,9.19
1995-01,5.53,150.5,5.6,9.13
1995-02,5.92,150.9,5.4,8.73
1995-02,5.92,150.9,5.4,8.84
1995-02,5.92,150.9,5.4,8.8
1995-02,5.92,150.9,5.4,8.94
1995-03,5.98,151.2,5.4,8.53
1995-03,5.98,151.2,5.4,8.62
1995-03,5.98,151.2,5.4,8.38
1995-03,5.98,151.2,5.4,8.4
1995-03,5.98,151.2,5.4,8.38
1995-04,6.05,151.8,5.8,8.24
1995-04,6.05,151.8,5.8,8.26
1995-04,6.05,151.8,5.8,8.41
1995-04,6.05,151.8,5.8,8.37
1995-05,6.01,152.1,5.6,8.27
1995-05,6.01,152.1,5.6,7.87
1995-05,6.01,152.1,5.6,7.83
1995-05,6.01,152.1,5.6,7.85
1995-06,6.0,152.4,5.6,7.53
1995-06,6.0,152.4,5.6,7.71
1995-06,6.0,152.4,5.6,7.51
1995-06,6.0,152.4,5.6,7.55
1995-06,6.0,152.4,5.6,7.53
1995-07,5.85,152.6,5.7,7.6
1995-07,5.85,152.6,5.7,7.79
1995-07,5.85,152.6,5.7,7.63
1995-07,5.85,152.6,5.7,7.41
1995-08,5.74,152.9,5.7,7.82
1995-08,5.74,152.9,5.7,7.8
1995-08,5.74,152.9,5.7,7.94
1995-08,5.74,152.9,5.7,7.88
1995-09,5.8,153.1,5.6,7.76
1995-09,5.8,153.1,5.6,7.63
1995-09,5.8,153.1,5.6,7.6
1995-09,5.8,153.1,5.6,7.57
1995-09,5.8,153.1,5.6,7.62
1995-10,5.76,153.5,5.5,7.45
1995-10,5.76,153.5,5.5,7.38
1995-10,5.76,153.5,5.5,7.5
1995-10,5.76,153.5,5.5,7.57
1995-11,5.8,153.7,5.6,7.44
1995-11,5.8,153.7,5.6,7.37
1995-11,5.8,153.7,5.6,7.35
1995-11,5.8,153.7,5.6,7.35
1995-12,5.6,153.9,5.6,7.11
1995-12,5.6,153.9,5.6,7.33
1995-12,5.6,153.9,5.6,7.18
1995-12,5.6,153.9,5.6,7.15
1995-12,5.6,153.9,5.6,7.23
1996-01,5.56,154.7,5.6,7.08
1996-01,5.56,154.7,5.6,7.02
1996-01,5.56,154.7,5.6,7.02
1996-01,5.56,154.7,5.6,7.0
1996-02,5.22,155.0,5.5,7.32
1996-02,5.22,155.0,5.5,6.94
1996-02,5.22,155.0,5.5,7.02
1996-02,5.22,155.0,5.5,7.02
1996-03,5.31,155.5,5.5,7.41
1996-03,5.31,155.5,5.5,7.38
1996-03,5.31,155.5,5.5,7.83
1996-03,5.31,155.5,5.5,7.81
1996-03,5.31,155.5,5.5,7.69
1996-04,5.22,156.1,5.6,7.78
1996-04,5.22,156.1,5.6,8.05
1996-04,5.22,156.1,5.6,7.95
1996-04,5.22,156.1,5.6,7.92
1996-05,5.24,156.4,5.6,8.03
1996-05,5.24,156.4,5.6,8.01
1996-05,5.24,156.4,5.6,8.08
1996-05,5.24,156.4,5.6,8.24
1996-05,5.24,156.4,5.6,7.99
1996-06,5.27,156.7,5.3,8.3
1996-06,5.27,156.7,5.3,8.39
1996-06,5.27,156.7,5.3,8.3
1996-06,5.27,156.7,5.3,8.29
1996-07,5.4,157.0,5.5,8.14
1996-07,5.4,157.0,5.5,8.42
1996-07,5.4,157.0,5.5,8.23
1996-07,5.4,157.0,5.5,8.19
1996-08,5.22,157.2,5.1,8.09
1996-08,5.22,157.2,5.1,7.93
1996-08,5.22,157.2,5.1,8.23
1996-08,5.22,157.2,5.1,7.88
1996-08,5.22,157.2,5.1,7.88
1996-09,5.3,157.7,5.2,8.34
1996-09,5.3,157.7,5.2,8.28
1996-09,5.3,157.7,5.2,8.14
1996-09,5.3,157.7,5.2,8.16
1996-10,5.24,158.2,5.2,8.06
1996-10,5.24,158.2,5.2,7.86
1996-10,5.24,158.2,5.2,7.88
1996-10,5.24,158.2,5.2,7.86
1996-11,5.31,158.7,5.4,7.52
1996-11,5.31,158.7,5.4,7.53
1996-11,5.31,158.7,5.4,7.78
1996-11,5.31,158.7,5.4,7.67
1996-11,5.31,158.7,5.4,7.59
1996-12,5.29,159.1,5.4,7.44
1996-12,5.29,159.1,5.4,7.57
1996-12,5.29,159.1,5.4,7.74
1996-12,5.29,159.1,5.4,7.64
1997-01,5.25,159.4,5.3,7.85
1997-01,5.25,159.4,5.3,7.87
1997-01,5.25,159.4,5.3,7.88
1997-01,5.25,159.4,5.3,7.67
1997-01,5.25,159.4,5.3,7.85
1997-02,5.19,159.7,5.2,7.74
1997-02,5.19,159.7,5.2,7.65
1997-02,5.19,159.7,5.2,7.56
1997-02,5.19,159.7,5.2,7.65
1997-03,5.39,159.8,5.2,7.84
1997-03,5.39,159.8,5.2,7.84
1997-03,5.39,159.8,5.2,7.94
1997-03,5.39,159.8,5.2,7.97
1997-04,5.51,159.9,5.1,8.08
1997-04,5.51,159.9,5.1,8.16
1997-04,5.51,159.9,5.1,8.18
1997-04,5.51,159.9,5.1,8.15
1997-05,5.5,159.9,4.9,8.01
1997-05,5.5,159.9,4.9,7.94
1997-05,5.5,159.9,4.9,7.91
1997-05,5.5,159.9,4.9,7.92
1997-05,5.5,159.9,4.9,7.94
1997-06,5.56,160.2,5.0,7.85
1997-06,5.56,160.2,5.0,7.72
1997-06,5.56,160.2,5.0,7.61
1997-06,5.56,160.2,5.0,7.58
1997-07,5.52,160.4,4.9,7.43
1997-07,5.52,160.4,4.9,7.47
1997-07,5.52,160.4,4.9,7.62
1997-07,5.52,160.4,4.9,7.47
1997-08,5.54,160.8,4.8,7.36
1997-08,5.54,160.8,4.8,7.46
1997-08,5.54,160.8,4.8,7.54
1997-08,5.54,160.8,4.8,7.46
1997-08,5.54,160.8,4.8,7.58
1997-09,5.54,161.2,4.9,7.53
1997-09,5.54,161.2,4.9,7.53
1997-09,5.54,161.2,4.9,7.38
1997-09,5.54,161.2,4.9,7.28
1997-10,5.5,161.5,4.7,7.21
1997-10,5.5,161.5,4.7,7.35
1997-10,5.5,161.5,4.7,7.26
1997-10,5.5,161.5,4.7,7.31
1997-10,5.5,161.5,4.7,7.34
1997-11,5.52,161.7,4.6,7.24
1997-11,5.52,161.7,4.6,7.23
1997-11,5.52,161.7,4.6,7.18
1997-11,5.52,161.7,4.6,7.17
1997-12,5.5,161.8,4.7,7.15
1997-12,5.5,161.8,4.7,7.17
1997-12,5.5,161.8,4.7,7.07
1997-12,5.5,161.8,4.7,6.99
1998-01,5.56,162.0,4.6,7.12
1998-01,5.56,162.0,4.6,6.99
1998-01,5.56,162.0,4.6,6.89
1998-01,5.56,162.0,4.6,6.94
1998-01,5.56,162.0,4.6,7.03
1998-02,5.51,162.0,4.6,7.03
1998-02,5.51,162.0,4.6,7.06
1998-02,5.51,162.0,4.6,6.99
1998-02,5.51,162.0,4.6,7.09
1998-03,5.49,162.0,4.7,7.19
1998-03,5.49,162.0,4.7,7.16
1998-03,5.49,162.0,4.7,7.08
1998-03,5.49,162.0,4.7,7.08
1998-04,5.45,162.2,4.3,7.15
1998-04,5.45,162.2,4.3,7.17
1998-04,5.45,162.2,4.3,7.15
1998-04,5.45,162.2,4.3,7.09
1998-05,5.49,162.6,4.4,7.22
1998-05,5.49,162.6,4.4,7.14
1998-05,5.49,162.6,4.4,7.19
1998-05,5.49,162.6,4.4,7.1
1998-05,5.49,162.6,4.4,7.07
1998-06,5.56,162.8,4.5,7.05
1998-06,5.56,162.8,4.5,7.04
1998-06,5.56,162.8,4.5,6.94
1998-06,5.56,162.8,4.5,6.96
1998-07,5.54,163.2,4.5,6.97
1998-07,5.54,163.2,4.5,6.96
1998-07,5.54,163.2,4.5,6.98
1998-07,5.54,163.2,4.5,6.91
1998-07,5.54,163.2,4.5,6.94
1998-08,5.55,163.4,4.5,6.94
1998-08,5.55,163.4,4.5,6.91
1998-08,5.55,163.4,4.5,6.92
1998-08,5.55,163.4,4.5,6.92
1998-09,5.51,163.5,4.6,6.82
1998-09,5.51,163.5,4.6,6.77
1998-09,5.51,163.5,4.6,6.66
1998-09,5.51,163.5,4.6,6.64
1998-10,5.07,163.9,4.5,6.83
1998-10,5.07,163.9,4.5,6.73
1998-10,5.07,163.9,4.5,6.6
1998-10,5.07,163.9,4.5,6.49
1998-10,5.07,163.9,4.5,6.9
1998-11,4.83,164.1,4.4,6.89
1998-11,4.83,164.1,4.4,6.93
1998-11,4.83,164.1,4.4,6.86
1998-11,4.83,164.1,4.4,6.78
1998-12,4.68,164.4,4.4,6.77
1998-12,4.68,164.4,4.4,6.69
1998-12,4.68,164.4,4.4,6.83
1998-12,4.68,164.4,4.4,6.71
1998-12,4.68,164.4,4.4,6.69
1999-01,4.63,164.7,4.3,6.79
1999-01,4.63,164.7,4.3,6.83
1999-01,4.63,164.7,4.3,6.78
1999-01,4.63,164.7,4.3,6.74
1999-02,4.76,164.7,4.4,6.75
1999-02,4.76,164.7,4.4,6.77
1999-02,4.76,164.7,4.4,6.82
1999-02,4.76,164.7,4.4,6.89
1999-03,4.81,164.8,4.2,6.98
1999-03,4.81,164.8,4.2,7.01
1999-03,4.81,164.8,4.2,7.06
1999-03,4.81,164.8,4.2,7.11
1999-04,4.74,165.9,4.3,6.98
1999-04,4.74,165.9,4.3,6.92
1999-04,4.74,165.9,4.3,6.87
1999-04,4.74,165.9,4.3,6.88
1999-04,4.74,165.9,4.3,6.93
1999-05,4.74,166.0,4.2,7.02
1999-05,4.74,166.0,4.2,7.1
1999-05,4.74,166.0,4.2,7.23
1999-05,4.74,166.0,4.2,7.23
1999-06,4.76,166.0,4.3,7.63
1999-06,4.76,166.0,4.3,7.65
1999-06,4.76,166.0,4.3,7.41
1999-06,4.76,166.0,4.3,7.51
1999-07,4.99,166.7,4.3,7.71
1999-07,4.99,166.7,4.3,7.65
1999-07,4.99,166.7,4.3,7.58
1999-07,4.99,166.7,4.3,7.52
1999-07,4.99,166.7,4.3,7.7
1999-08,5.07,167.1,4.2,7.89
1999-08,5.07,167.1,4.2,8.15
1999-08,5.07,167.1,4.2,7.93
1999-08,5.07,167.1,4.2,7.8
1999-09,5.22,167.8,4.2,7.76
1999-09,5.22,167.8,4.2,7.82
1999-09,5.22,167.8,4.2,7.88
1999-09,5.22,167.8,4.2,7.83
1999-10,5.2,168.1,4.1,7.7
1999-10,5.2,168.1,4.1,7.82
1999-10,5.2,168.1,4.1,7.85
1999-10,5.2,168.1,4.1,7.93
1999-10,5.2,168.1,4.1,7.96
1999-11,5.42,168.4,4.1,7.84
1999-11,5.42,168.4,4.1,7.67
1999-11,5.42,168.4,4.1,7.69
1999-11,5.42,168.4,4.1,7.75
1999-12,5.3,168.8,4.0,8.06
1999-12,5.3,168.8,4.0,7.96
1999-12,5.3,168.8,4.0,7.84
1999-12,5.3,168.8,4.0,7.84
1999-12,5.3,168.8,4.0,7.86
2000-01,5.45,169.3,4.0,8.15
2000-01,5.45,169.3,4.0,8.18
2000-01,5.45,169.3,4.0,8.26
2000-01,5.45,169.3,4.0,8.25
2000-02,5.73,170.0,4.1,8.25
2000-02,5.73,170.0,4.1,8.36
2000-02,5.73,170.0,4.1,8.38
2000-02,5.73,170.0,4.1,8.31
2000-03,5.85,171.0,4.0,8.23
2000-03,5.85,171.0,4.0,8.23
2000-03,5.85,171.0,4.0,8.27
2000-03,5.85,171.0,4.0,8.23
2000-03,5.85,171.0,4.0,8.24
2000-04,6.02,170.9,3.8,8.2
2000-04,6.02,170.9,3.8,8.12
2000-04,6.02,170.9,3.8,8.16
2000-04,6.02,170.9,3.8,8.13
2000-05,6.27,171.2,4.0,8.28
2000-05,6.27,171.2,4.0,8.52
2000-05,6.27,171.2,4.0,8.64
2000-05,6.27,171.2,4.0,8.62
2000-06,6.53,172.2,4.0,8.14
2000-06,6.53,172.2,4.0,8.22
2000-06,6.53,172.2,4.0,8.22
2000-06,6.53,172.2,4.0,8.54
2000-06,6.53,172.2,4.0,8.32
2000-07,6.54,172.7,4.0,8.16
2000-07,6.54,172.7,4.0,8.09
2000-07,6.54,172.7,4.0,8.21
2000-07,6.54,172.7,4.0,8.13
2000-08,6.5,172.7,4.1,8.12
2000-08,6.5,172.7,4.1,8.04
2000-08,6.5,172.7,4.1,7.96
2000-08,6.5,172.7,4.1,7.99
2000-09,6.52,173.6,3.9,7.88
2000-09,6.52,173.6,3.9,7.9
2000-09,6.52,173.6,3.9,7.88
2000-09,6.52,173.6,3.9,7.96
2000-09,6.52,173.6,3.9,7.94
2000-10,6.51,173.9,3.9,7.83
2000-10,6.51,173.9,3.9,7.84
2000-10,6.51,173.9,3.9,7.83
2000-10,6.51,173.9,3.9,7.68
2000-11,6.51,174.2,3.9,7.73
2000-11,6.51,174.2,3.9,7.79
2000-11,6.51,174.2,3.9,7.73
2000-11,6.51,174.2,3.9,7.73
2000-12,6.4,174.6,3.9,7.13
2000-12,6.4,174.6,3.9,7.17
2000-12,6.4,174.6,3.9,7.65
2000-12,6.4,174.6,3.9,7.54
2000-12,6.4,174.6,3.9,7.42
2001-01,5.98,175.6,4.2,7.07
2001-01,5.98,175.6,4.2,6.89
2001-01,5.98,175.6,4.2,7.02
2001-01,5.98,175.6,4.2,7.15
2001-02,5.49,176.0,4.2,7.09
2001-02,5.49,176.0,4.2,6.98
2001-02,5.49,176.0,4.2,7.01
2001-02,5.49,176.0,4.2,7.12
2001-03,5.31,176.1,4.3,6.91
2001-03,5.31,176.1,4.3,6.89
2001-03,5.31,176.1,4.3,6.96
2001-03,5.31,176.1,4.3,7.03
2001-03,5.31,176.1,4.3,6.97
2001-04,4.8,176.4,4.4,7.01
2001-04,4.8,176.4,4.4,7.04
2001-04,4.8,176.4,4.4,7.14
2001-04,4.8,176.4,4.4,7.12
2001-05,4.21,177.3,4.3,7.14
2001-05,4.21,177.3,4.3,7.1
2001-05,4.21,177.3,4.3,7.14
2001-05,4.21,177.3,4.3,7.2
2001-06,3.97,177.7,4.5,7.11
2001-06,3.97,177.7,4.5,7.11
2001-06,3.97,177.7,4.5,7.24
2001-06,3.97,177.7,4.5,7.2
2001-06,3.97,177.7,4.5,7.14
2001-07,3.77,177.4,4.6,7.19
2001-07,3.77,177.4,4.6,7.21
2001-07,3.77,177.4,4.6,7.08
2001-07,3.77,177.4,4.6,7.03
2001-08,3.65,177.4,4.9,6.91
2001-08,3.65,177.4,4.9,6.92
2001-08,3.65,177.4,4.9,6.92
2001-08,3.65,177.4,4.9,7.0
2001-08,3.65,177.4,4.9,7.0
2001-09,3.07,178.1,5.0,6.89
2001-09,3.07,178.1,5.0,6.86
2001-09,3.07,178.1,5.0,6.8
2001-09,3.07,178.1,5.0,6.72
2001-10,2.49,177.6,5.3,6.64
2001-10,2.49,177.6,5.3,6.58
2001-10,2.49,177.6,5.3,6.61
2001-10,2.49,177.6,5.3,6.64
2001-11,2.09,177.5,5.5,7.02
2001-11,2.09,177.5,5.5,6.75
2001-11,2.09,177.5,5.5,6.56
2001-11,2.09,177.5,5.5,6.45
2001-11,2.09,177.5,5.5,6.51
2001-12,1.82,177.4,5.7,6.84
2001-12,1.82,177.4,5.7,7.09
2001-12,1.82,177.4,5.7,7.17
2001-12,1.82,177.4,5.7,7.16
2002-01,1.73,177.7,5.7,7.14
2002-01,1.73,177.7,5.7,7.06
2002-01,1.73,177.7,5.7,6.83
2002-01,1.73,177.7,5.7,6.96
2002-02,1.74,178.0,5.7,6.81
2002-02,1.74,178.0,5.7,6.86
2002-02,1.74,178.0,5.7,7.02
2002-02,1.74,178.0,5.7,6.88
2002-03,1.73,178.5,5.7,7.18
2002-03,1.73,178.5,5.7,6.8
2002-03,1.73,178.5,5.7,6.87
2002-03,1.73,178.5,5.7,7.08
2002-03,1.73,178.5,5.7,7.14
2002-04,1.75,179.3,5.9,6.94
2002-04,1.75,179.3,5.9,6.88
2002-04,1.75,179.3,5.9,7.13
2002-04,1.75,179.3,5.9,6.99
2002-05,1.75,179.5,5.8,6.76
2002-05,1.75,179.5,5.8,6.81
2002-05,1.75,179.5,5.8,6.78
2002-05,1.75,179.5,5.8,6.79
2002-05,1.75,179.5,5.8,6.89
2002-06,1.75,179.6,5.8,6.71
2002-06,1.75,179.6,5.8,6.71
2002-06,1.75,179.6,5.8,6.63
2002-06,1.75,179.6,5.8,6.55
2002-07,1.73,180.0,5.8,6.49
2002-07,1.73,180.0,5.8,6.34
2002-07,1.73,180.0,5.8,6.57
2002-07,1.73,180.0,5.8,6.54
2002-08,1.74,180.5,5.7,6.43
2002-08,1.74,180.5,5.7,6.31
2002-08,1.74,180.5,5.7,6.22
2002-08,1.74,180.5,5.7,6.27
2002-08,1.74,180.5,5.7,6.22
2002-09,1.75,180.8,5.7,6.15
2002-09,1.75,180.8,5.7,6.18
2002-09,1.75,180.8,5.7,6.05
2002-09,1.75,180.8,5.7,5.99
2002-10,1.75,181.2,5.7,6.31
2002-10,1.75,181.2,5.7,6.15
2002-10,1.75,181.2,5.7,6.01
2002-10,1.75,181.2,5.7,5.98
2002-11,1.34,181.5,5.9,6.13
2002-11,1.34,181.5,5.9,6.11
2002-11,1.34,181.5,5.9,5.94
2002-11,1.34,181.5,5.9,6.03
2002-11,1.34,181.5,5.9,6.13
2002-12,1.24,181.8,6.0,6.03
2002-12,1.24,181.8,6.0,5.93
2002-12,1.24,181.8,6.0,6.19
2002-12,1.24,181.8,6.0,6.04
2003-01,1.24,182.6,5.8,5.85
2003-01,1.24,182.6,5.8,5.95
2003-01,1.24,182.6,5.8,5.97
2003-01,1.24,182.6,5.8,5.91
2003-01,1.24,182.6,5.8,5.9
2003-02,1.26,183.6,5.9,5.79
2003-02,1.26,183.6,5.9,5.88
2003-02,1.26,183.6,5.9,5.86
2003-02,1.26,183.6,5.9,5.84
2003-03,1.25,183.9,5.9,5.79
2003-03,1.25,183.9,5.9,5.91
2003-03,1.25,183.9,5.9,5.67
2003-03,1.25,183.9,5.9,5.61
2003-04,1.26,183.2,6.0,5.79
2003-04,1.26,183.2,6.0,5.85
2003-04,1.26,183.2,6.0,5.82
2003-04,1.26,183.2,6.0,5.79
2003-05,1.26,182.9,6.1,5.7
2003-05,1.26,182.9,6.1,5.62
2003-05,1.26,182.9,6.1,5.45
2003-05,1.26,182.9,6.1,5.34
2003-05,1.26,182.9,6.1,5.31
2003-06,1.22,183.1,6.3,5.24
2003-06,1.22,183.1,6.3,5.21
2003-06,1.22,183.1,6.3,5.21
2003-06,1.22,183.1,6.3,5.26
2003-07,1.01,183.7,6.2,5.4
2003-07,1.01,183.7,6.2,5.52
2003-07,1.01,183.7,6.2,5.67
2003-07,1.01,183.7,6.2,5.94
2003-08,1.03,184.5,6.1,6.14
2003-08,1.03,184.5,6.1,6.34
2003-08,1.03,184.5,6.1,6.24
2003-08,1.03,184.5,6.1,6.28
2003-08,1.03,184.5,6.1,6.32
2003-09,1.01,185.1,6.1,5.98
2003-09,1.01,185.1,6.1,6.01
2003-09,1.01,185.1,6.1,6.16
2003-09,1.01,185.1,6.1,6.44
2003-10,1.01,184.9,6.0,5.77
2003-10,1.01,184.9,6.0,5.95
2003-10,1.01,184.9,6.0,6.05
2003-10,1.01,184.9,6.0,6.05
2003-10,1.01,184.9,6.0,5.94
2003-11,1.0,185.0,5.8,5.98
2003-11,1.0,185.0,5.8,6.03
2003-11,1.0,185.0,5.8,5.83
2003-11,1.0,185.0,5.8,5.89
2003-12,0.98,185.5,5.7,5.85
2003-12,0.98,185.5,5.7,5.81
2003-12,0.98,185.5,5.7,5.82
2003-12,0.98,185.5,5.7,5.88
2003-12,0.98,185.5,5.7,6.02
2004-01,1.0,186.3,5.7,5.87
2004-01,1.0,186.3,5.7,5.66
2004-01,1.0,186.3,5.7,5.64
2004-01,1.0,186.3,5.7,5.68
2004-02,1.01,186.7,5.6,5.72
2004-02,1.01,186.7,5.6,5.66
2004-02,1.01,186.7,5.6,5.58
2004-02,1.01,186.7,5.6,5.58
2004-03,1.0,187.1,5.8,5.4
2004-03,1.0,187.1,5.8,5.38
2004-03,1.0,187.1,5.8,5.59
2004-03,1.0,187.1,5.8,5.41
2004-04,1.0,187.4,5.6,5.52
2004-04,1.0,187.4,5.6,5.79
2004-04,1.0,187.4,5.6,5.89
2004-04,1.0,187.4,5.6,5.94
2004-04,1.0,187.4,5.6,6.01
2004-05,1.0,188.2,5.6,6.32
2004-05,1.0,188.2,5.6,6.12
2004-05,1.0,188.2,5.6,6.34
2004-05,1.0,188.2,5.6,6.3
2004-06,1.03,188.9,5.6,6.25
2004-06,1.03,188.9,5.6,6.32
2004-06,1.03,188.9,5.6,6.28
2004-06,1.03,188.9,5.6,6.3
2004-07,1.26,189.1,5.5,5.98
2004-07,1.26,189.1,5.5,6.21
2004-07,1.26,189.1,5.5,6.01
2004-07,1.26,189.1,5.5,6.0
2004-07,1.26,189.1,5.5,6.08
2004-08,1.43,189.2,5.4,5.82
2004-08,1.43,189.2,5.4,5.81
2004-08,1.43,189.2,5.4,5.85
2004-08,1.43,189.2,5.4,5.99
2004-09,1.61,189.8,5.4,5.77
2004-09,1.61,189.8,5.4,5.83
2004-09,1.61,189.8,5.4,5.75
2004-09,1.61,189.8,5.4,5.7
2004-09,1.61,189.8,5.4,5.72
2004-10,1.76,190.8,5.5,5.69
2004-10,1.76,190.8,5.5,5.64
2004-10,1.76,190.8,5.5,5.82
2004-10,1.76,190.8,5.5,5.74
2004-11,1.93,191.7,5.4,5.7
2004-11,1.93,191.7,5.4,5.76
2004-11,1.93,191.7,5.4,5.74
2004-11,1.93,191.7,5.4,5.72
2004-12,2.16,191.7,5.4,5.81
2004-12,2.16,191.7,5.4,5.81
2004-12,2.16,191.7,5.4,5.71
2004-12,2.16,191.7,5.4,5.68
2004-12,2.16,191.7,5.4,5.75
2005-01,2.28,191.6,5.3,5.67
2005-01,2.28,191.6,5.3,5.66
2005-01,2.28,191.6,5.3,5.77
2005-01,2.28,191.6,5.3,5.74
2005-02,2.5,192.4,5.4,5.63
2005-02,2.5,192.4,5.4,5.57
2005-02,2.5,192.4,5.4,5.62
2005-02,2.5,192.4,5.4,5.69
2005-03,2.63,193.1,5.2,5.79
2005-03,2.63,193.1,5.2,5.85
2005-03,2.63,193.1,5.2,5.95
2005-03,2.63,193.1,5.2,6.01
2005-03,2.63,193.1,5.2,6.04
2005-04,2.79,193.7,5.2,5.78
2005-04,2.79,193.7,5.2,5.8
2005-04,2.79,193.7,5.2,5.91
2005-04,2.79,193.7,5.2,5.93
2005-05,3.0,193.6,5.1,5.75
2005-05,3.0,193.6,5.1,5.77
2005-05,3.0,193.6,5.1,5.71
2005-05,3.0,193.6,5.1,5.65
2005-06,3.04,193.7,5.0,5.53
2005-06,3.04,193.7,5.0,5.62
2005-06,3.04,193.7,5.0,5.56
2005-06,3.04,193.7,5.0,5.63
2005-06,3.04,193.7,5.0,5.57
2005-07,3.26,194.9,5.0,5.73
2005-07,3.26,194.9,5.0,5.77
2005-07,3.26,194.9,5.0,5.62
2005-07,3.26,194.9,5.0,5.66
2005-08,3.5,196.1,4.9,5.82
2005-08,3.5,196.1,4.9,5.89
2005-08,3.5,196.1,4.9,5.8
2005-08,3.5,196.1,4.9,5.77
2005-09,3.62,198.8,5.0,5.8
2005-09,3.62,198.8,5.0,5.74
2005-09,3.62,198.8,5.0,5.91
2005-09,3.62,198.8,5.0,5.71
2005-09,3.62,198.8,5.0,5.71
2005-10,3.78,199.1,5.0,5.98
2005-10,3.78,199.1,5.0,6.03
2005-10,3.78,199.1,5.0,6.1
2005-10,3.78,199.1,5.0,6.15
2005-11,4.0,198.1,5.0,6.31
2005-11,4.0,198.1,5.0,6.36
2005-11,4.0,198.1,5.0,6.37
2005-11,4.0,198.1,5.0,6.28
2005-12,4.16,198.1,4.9,6.26
2005-12,4.16,198.1,4.9,6.3
2005-12,4.16,198.1,4.9,6.22
2005-12,4.16,198.1,4.9,6.26
2005-12,4.16,198.1,4.9,6.32
2006-01,4.29,199.3,4.7,6.21
2006-01,4.29,199.3,4.7,6.15
2006-01,4.29,199.3,4.7,6.1
2006-01,4.29,199.3,4.7,6.12
2006-02,4.49,199.4,4.8,6.23
2006-02,4.49,199.4,4.8,6.24
2006-02,4.49,199.4,4.8,6.28
2006-02,4.49,199.4,4.8,6.26
2006-03,4.59,199.7,4.7,6.35
2006-03,4.59,199.7,4.7,6.32
2006-03,4.59,199.7,4.7,6.34
2006-03,4.59,199.7,4.7,6.24
2006-03,4.59,199.7,4.7,6.37
2006-04,4.79,200.7,4.7,6.43
2006-04,4.79,200.7,4.7,6.49
2006-04,4.79,200.7,4.7,6.53
2006-04,4.79,200.7,4.7,6.58
2006-05,4.94,201.3,4.6,6.59
2006-05,4.94,201.3,4.6,6.58
2006-05,4.94,201.3,4.6,6.6
2006-05,4.94,201.3,4.6,6.62
2006-06,4.99,201.8,4.6,6.71
2006-06,4.99,201.8,4.6,6.63
2006-06,4.99,201.8,4.6,6.78
2006-06,4.99,201.8,4.6,6.67
2006-06,4.99,201.8,4.6,6.62
2006-07,5.24,202.9,4.7,6.79
2006-07,5.24,202.9,4.7,6.74
2006-07,5.24,202.9,4.7,6.8
2006-07,5.24,202.9,4.7,6.72
2006-08,5.25,203.8,4.7,6.63
2006-08,5.25,203.8,4.7,6.55
2006-08,5.25,203.8,4.7,6.52
2006-08,5.25,203.8,4.7,6.48
2006-08,5.25,203.8,4.7,6.44
2006-09,5.25,202.8,4.5,6.31
2006-09,5.25,202.8,4.5,6.4
2006-09,5.25,202.8,4.5,6.47
2006-09,5.25,202.8,4.5,6.43
2006-10,5.25,201.9,4.4,6.3
2006-10,5.25,201.9,4.4,6.37
2006-10,5.25,201.9,4.4,6.36
2006-10,5.25,201.9,4.4,6.4
2006-11,5.25,202.0,4.5,6.31
2006-11,5.25,202.0,4.5,6.33
2006-11,5.25,202.0,4.5,6.24
2006-11,5.25,202.0,4.5,6.18
2006-11,5.25,202.0,4.5,6.14
2006-12,5.24,203.1,4.4,6.18
2006-12,5.24,203.1,4.4,6.13
2006-12,5.24,203.1,4.4,6.12
2006-12,5.24,203.1,4.4,6.11
2007-01,5.25,203.437,4.6,6.18
2007-01,5.25,203.437,4.6,6.21
2007-01,5.25,203.437,4.6,6.23
2007-01,5.25,203.437,4.6,6.25
2007-02,5.26,204.226,4.5,6.34
2007-02,5.26,204.226,4.5,6.28
2007-02,5.26,204.226,4.5,6.3
2007-02,5.26,204.226,4.5,6.22
2007-03,5.26,205.288,4.4,6.14
2007-03,5.26,205.288,4.4,6.16
2007-03,5.26,205.288,4.4,6.16
2007-03,5.26,205.288,4.4,6.18
2007-03,5.26,205.288,4.4,6.14
2007-04,5.25,205.904,4.5,6.17
2007-04,5.25,205.904,4.5,6.22
2007-04,5.25,205.904,4.5,6.17
2007-04,5.25,205.904,4.5,6.16
2007-05,5.25,206.755,4.4,6.37
2007-05,5.25,206.755,4.4,6.21
2007-05,5.25,206.755,4.4,6.42
2007-05,5.25,206.755,4.4,6.16
2007-05,5.25,206.755,4.4,6.15
2007-06,5.25,207.234,4.6,6.69
2007-06,5.25,207.234,4.6,6.67
2007-06,5.25,207.234,4.6,6.53
2007-06,5.25,207.234,4.6,6.74
2007-07,5.26,207.603,4.7,6.63
2007-07,5.26,207.603,4.7,6.73
2007-07,5.26,207.603,4.7,6.73
2007-07,5.26,207.603,4.7,6.69
2007-08,5.02,207.667,4.6,6.52
2007-08,5.02,207.667,4.6,6.62
2007-08,5.02,207.667,4.6,6.45
2007-08,5.02,207.667,4.6,6.68
2007-08,5.02,207.667,4.6,6.59
2007-09,4.94,208.547,4.7,6.46
2007-09,4.94,208.547,4.7,6.31
2007-09,4.94,208.547,4.7,6.34
2007-09,4.94,208.547,4.7,6.42
2007-10,4.76,209.19,4.7,6.37
2007-10,4.76,209.19,4.7,6.4
2007-10,4.76,209.19,4.7,6.4
2007-10,4.76,209.19,4.7,6.33
2007-11,4.49,210.834,4.7,6.2
2007-11,4.49,210.834,4.7,6.24
2007-11,4.49,210.834,4.7,6.1
2007-11,4.49,210.834,4.7,6.26
2007-11,4.49,210.834,4.7,6.24
2007-12,4.24,211.445,5.0,5.96
2007-12,4.24,211.445,5.0,6.11
2007-12,4.24,211.445,5.0,6.14
2007-12,4.24,211.445,5.0,6.17
2008-01,3.94,212.174,5.0,6.07
2008-01,3.94,212.174,5.0,5.87
2008-01,3.94,212.174,5.0,5.69
2008-01,3.94,212.174,5.0,5.48
2008-01,3.94,212.174,5.0,5.68
2008-02,2.98,212.687,4.9,6.24
2008-02,2.98,212.687,4.9,6.04
2008-02,2.98,212.687,4.9,5.72
2008-02,2.98,212.687,4.9,5.67
2008-03,2.61,213.448,5.1,6.03
2008-03,2.61,213.448,5.1,6.13
2008-03,2.61,213.448,5.1,5.87
2008-03,2.61,213.448,5.1,5.85
2008-04,2.28,213.942,5.0,5.88
2008-04,2.28,213.942,5.0,5.88
2008-04,2.28,213.942,5.0,5.88
2008-04,2.28,213.942,5.0,6.03
2008-05,1.98,215.208,5.4,5.98
2008-05,1.98,215.208,5.4,6.01
2008-05,1.98,215.208,5.4,6.08
2008-05,1.98,215.208,5.4,6.06
2008-05,1.98,215.208,5.4,6.05
2008-06,2.0,217.463,5.6,6.09
2008-06,2.0,217.463,5.6,6.32
2008-06,2.0,217.463,5.6,6.42
2008-06,2.0,217.463,5.6,6.45
2008-07,2.01,219.016,5.8,6.35
2008-07,2.01,219.016,5.8,6.37
2008-07,2.01,219.016,5.8,6.26
2008-07,2.01,219.016,5.8,6.63
2008-07,2.01,219.016,5.8,6.52
2008-08,2.0,218.69,6.1,6.4
2008-08,2.0,218.69,6.1,6.47
2008-08,2.0,218.69,6.1,6.52
2008-08,2.0,218.69,6.1,6.52
2008-09,1.81,218.877,6.1,6.35
2008-09,1.81,218.877,6.1,5.93
2008-09,1.81,218.877,6.1,5.78
2008-09,1.81,218.877,6.1,6.09
2008-10,0.97,216.995,6.5,6.1
2008-10,0.97,216.995,6.5,5.94
2008-10,0.97,216.995,6.5,6.46
2008-10,0.97,216.995,6.5,6.04
2008-10,0.97,216.995,6.5,6.46
2008-11,0.39,213.153,6.8,5.97
2008-11,0.39,213.153,6.8,6.04
2008-11,0.39,213.153,6.8,6.14
2008-11,0.39,213.153,6.8,6.2
2008-12,0.16,211.398,7.3,5.53
2008-12,0.16,211.398,7.3,5.47
2008-12,0.16,211.398,7.3,5.19
2008-12,0.16,211.398,7.3,5.14
2008-12,0.16,211.398,7.3,5.1
2009-01,0.15,211.933,7.8,5.01
2009-01,0.15,211.933,7.8,4.96
2009-01,0.15,211.933,7.8,5.12
2009-01,0.15,211.933,7.8,5.1
2009-02,0.22,212.705,8.3,5.04
2009-02,0.22,212.705,8.3,5.07
2009-02,0.22,212.705,8.3,5.16
2009-02,0.22,212.705,8.3,5.25
2009-03,0.18,212.495,8.7,5.15
2009-03,0.18,212.495,8.7,5.03
2009-03,0.18,212.495,8.7,4.98
2009-03,0.18,212.495,8.7,4.85
2009-04,0.15,212.709,9.0,4.78
2009-04,0.15,212.709,9.0,4.87
2009-04,0.15,212.709,9.0,4.82
2009-04,0.15,212.709,9.0,4.8
2009-04,0.15,212.709,9.0,4.78
2009-05,0.18,213.022,9.4,4.91
2009-05,0.18,213.022,9.4,4.82
2009-05,0.18,213.022,9.4,4.84
2009-05,0.18,213.022,9.4,4.86
2009-06,0.21,214.79,9.5,5.29
2009-06,0.21,214.79,9.5,5.59
2009-06,0.21,214.79,9.5,5.38
2009-06,0.21,214.79,9.5,5.42
2009-07,0.16,214.726,9.5,5.25
2009-07,0.16,214.726,9.5,5.14
2009-07,0.16,214.726,9.5,5.2
2009-07,0.16,214.726,9.5,5.32
2009-07,0.16,214.726,9.5,5.2
2009-08,0.16,215.445,9.6,5.22
2009-08,0.16,215.445,9.6,5.29
2009-08,0.16,215.445,9.6,5.12
2009-08,0.16,215.445,9.6,5.14
2009-09,0.15,215.861,9.8,5.04
2009-09,0.15,215.861,9.8,5.08
2009-09,0.15,215.861,9.8,5.07
2009-09,0.15,215.861,9.8,5.04
2009-10,0.12,216.509,10.0,5.03
2009-10,0.12,216.509,10.0,4.92
2009-10,0.12,216.509,10.0,5.0
2009-10,0.12,216.509,10.0,4.94
2009-10,0.12,216.509,10.0,4.87
2009-11,0.12,217.234,9.9,4.98
2009-11,0.12,217.234,9.9,4.91
2009-11,0.12,217.234,9.9,4.83
2009-11,0.12,217.234,9.9,4.78
2009-12,0.12,217.347,9.9,5.05
2009-12,0.12,217.347,9.9,4.71
2009-12,0.12,217.347,9.9,4.81
2009-12,0.12,217.347,9.9,4.94
2009-12,0.12,217.347,9.9,5.14
2010-01,0.11,217.488,9.8,4.98
2010-01,0.11,217.488,9.8,4.99
2010-01,0.11,217.488,9.8,5.09
2010-01,0.11,217.488,9.8,5.06
2010-02,0.13,217.281,9.8,5.05
2010-02,0.13,217.281,9.8,5.01
2010-02,0.13,217.281,9.8,4.97
2010-02,0.13,217.281,9.8,4.93
2010-03,0.16,217.353,9.9,4.95
2010-03,0.16,217.353,9.9,4.96
2010-03,0.16,217.353,9.9,4.97
2010-03,0.16,217.353,9.9,4.99
2010-04,0.2,217.403,9.9,5.06
2010-04,0.2,217.403,9.9,5.07
2010-04,0.2,217.403,9.9,5.07
2010-04,0.2,217.403,9.9,5.21
2010-04,0.2,217.403,9.9,5.08
2010-05,0.2,217.29,9.6,5.0
2010-05,0.2,217.29,9.6,4.93
2010-05,0.2,217.29,9.6,4.84
2010-05,0.2,217.29,9.6,4.78
2010-06,0.18,217.199,9.4,4.79
2010-06,0.18,217.199,9.4,4.72
2010-06,0.18,217.199,9.4,4.75
2010-06,0.18,217.199,9.4,4.69
2010-07,0.18,217.605,9.4,4.54
2010-07,0.18,217.605,9.4,4.56
2010-07,0.18,217.605,9.4,4.58
2010-07,0.18,217.605,9.4,4.57
2010-07,0.18,217.605,9.4,4.57
2010-08,0.19,217.923,9.5,4.49
2010-08,0.19,217.923,9.5,4.44
2010-08,0.19,217.923,9.5,4.42
2010-08,0.19,217.923,9.5,4.36
2010-09,0.19,218.275,9.5,4.32
2010-09,0.19,218.275,9.5,4.37
2010-09,0.19,218.275,9.5,4.37
2010-09,0.19,218.275,9.5,4.32
2010-09,0.19,218.275,9.5,4.35
2010-10,0.19,219.035,9.4,4.27
2010-10,0.19,219.035,9.4,4.19
2010-10,0.19,219.035,9.4,4.21
2010-10,0.19,219.035,9.4,4.23
2010-11,0.19,219.59,9.8,4.4
2010-11,0.19,219.59,9.8,4.24
2010-11,0.19,219.59,9.8,4.17
2010-11,0.19,219.59,9.8,4.39
2010-12,0.18,220.472,9.3,4.86
2010-12,0.18,220.472,9.3,4.81
2010-12,0.18,220.472,9.3,4.61
2010-12,0.18,220.472,9.3,4.46
2010-12,0.18,220.472,9.3,4.83
2011-01,0.17,221.187,9.1,4.8
2011-01,0.17,221.187,9.1,4.77
2011-01,0.17,221.187,9.1,4.71
2011-01,0.17,221.187,9.1,4.74
2011-02,0.16,221.898,9.0,5.0
2011-02,0.16,221.898,9.0,4.95
2011-02,0.16,221.898,9.0,4.81
2011-02,0.16,221.898,9.0,5.05
2011-03,0.14,223.046,9.0,4.76
2011-03,0.14,223.046,9.0,4.81
2011-03,0.14,223.046,9.0,4.87
2011-03,0.14,223.046,9.0,4.88
2011-03,0.14,223.046,9.0,4.86
2011-04,0.1,224.093,9.1,4.78
2011-04,0.1,224.093,9.1,4.8
2011-04,0.1,224.093,9.1,4.91
2011-04,0.1,224.093,9.1,4.87
2011-05,0.09,224.806,9.0,4.71
2011-05,0.09,224.806,9.0,4.63
2011-05,0.09,224.806,9.0,4.61
2011-05,0.09,224.806,9.0,4.6
2011-06,0.09,224.806,9.1,4.5
2011-06,0.09,224.806,9.1,4.5
2011-06,0.09,224.806,9.1,4.51
2011-06,0.09,224.806,9.1,4.55
2011-06,0.09,224.806,9.1,4.49
2011-07,0.07,225.395,9.0,4.6
2011-07,0.07,225.395,9.0,4.51
2011-07,0.07,225.395,9.0,4.52
2011-07,0.07,225.395,9.0,4.55
2011-08,0.1,226.106,9.0,4.39
2011-08,0.1,226.106,9.0,4.32
2011-08,0.1,226.106,9.0,4.15
2011-08,0.1,226.106,9.0,4.22
2011-09,0.08,226.597,9.0,4.09
2011-09,0.08,226.597,9.0,4.09
2011-09,0.08,226.597,9.0,4.01
2011-09,0.08,226.597,9.0,4.22
2011-09,0.08,226.597,9.0,4.12
2011-10,0.07,226.75,8.8,3.94
2011-10,0.07,226.75,8.8,4.12
2011-10,0.07,226.75,8.8,4.11
2011-10,0.07,226.75,8.8,4.1
2011-11,0.08,227.169,8.6,4.0
2011-11,0.08,227.169,8.6,3.99
2011-11,0.08,227.169,8.6,4.0
2011-11,0.08,227.169,8.6,3.98
2011-12,0.07,227.223,8.5,3.95
2011-12,0.07,227.223,8.5,3.91
2011-12,0.07,227.223,8.5,3.94
2011-12,0.07,227.223,8.5,4.0
2011-12,0.07,227.223,8.5,3.99
2012-01,0.08,227.842,8.3,3.91
2012-01,0.08,227.842,8.3,3.89
2012-01,0.08,227.842,8.3,3.88
2012-01,0.08,227.842,8.3,3.98
2012-02,0.1,228.329,8.3,3.87
2012-02,0.1,228.329,8.3,3.87
2012-02,0.1,228.329,8.3,3.87
2012-02,0.1,228.329,8.3,3.95
2012-03,0.13,228.807,8.2,3.99
2012-03,0.13,228.807,8.2,4.08
2012-03,0.13,228.807,8.2,3.92
2012-03,0.13,228.807,8.2,3.88
2012-03,0.13,228.807,8.2,3.9
2012-04,0.14,229.187,8.2,3.98
2012-04,0.14,229.187,8.2,3.88
2012-04,0.14,229.187,8.2,3.9
2012-04,0.14,229.187,8.2,3.88
2012-05,0.16,228.713,8.2,3.78
2012-05,0.16,228.713,8.2,3.79
2012-05,0.16,228.713,8.2,3.75
2012-05,0.16,228.713,8.2,3.84
2012-05,0.16,228.713,8.2,3.83
2012-06,0.16,228.524,8.2,3.67
2012-06,0.16,228.524,8.2,3.71
2012-06,0.16,228.524,8.2,3.66
2012-06,0.16,228.524,8.2,3.66
2012-07,0.16,228.59,8.2,3.62
2012-07,0.16,228.59,8.2,3.56
2012-07,0.16,228.59,8.2,3.53
2012-07,0.16,228.59,8.2,3.49
2012-08,0.13,229.918,8.1,3.66
2012-08,0.13,229.918,8.1,3.62
2012-08,0.13,229.918,8.1,3.59
2012-08,0.13,229.918,8.1,3.55
2012-08,0.13,229.918,8.1,3.59
2012-09,0.14,231.015,7.8,3.55
2012-09,0.14,231.015,7.8,3.55
2012-09,0.14,231.015,7.8,3.49
2012-09,0.14,231.015,7.8,3.4
2012-10,0.16,231.638,7.8,3.36
2012-10,0.16,231.638,7.8,3.39
2012-10,0.16,231.638,7.8,3.37
2012-10,0.16,231.638,7.8,3.41
2012-11,0.16,231.249,7.7,3.32
2012-11,0.16,231.249,7.7,3.31
2012-11,0.16,231.249,7.7,3.34
2012-11,0.16,231.249,7.7,3.39
2012-11,0.16,231.249,7.7,3.4
2012-12,0.16,231.221,7.9,3.34
2012-12,0.16,231.221,7.9,3.32
2012-12,0.16,231.221,7.9,3.37
2012-12,0.16,231.221,7.9,3.35
2013-01,0.14,231.679,8.0,3.53
2013-01,0.14,231.679,8.0,3.34
2013-01,0.14,231.679,8.0,3.4
2013-01,0.14,231.679,8.0,3.38
2013-01,0.14,231.679,8.0,3.42
2013-02,0.15,232.937,7.7,3.56
2013-02,0.15,232.937,7.7,3.51
2013-02,0.15,232.937,7.7,3.53
2013-02,0.15,232.937,7.7,3.53
2013-03,0.14,232.282,7.5,3.52
2013-03,0.14,232.282,7.5,3.63
2013-03,0.14,232.282,7.5,3.54
2013-03,0.14,232.282,7.5,3.57
2013-04,0.15,231.797,7.6,3.54
2013-04,0.15,231.797,7.6,3.43
2013-04,0.15,231.797,7.6,3.41
2013-04,0.15,231.797,7.6,3.4
2013-05,0.11,231.893,7.5,3.81
2013-05,0.11,231.893,7.5,3.59
2013-05,0.11,231.893,7.5,3.51
2013-05,0.11,231.893,7.5,3.42
2013-05,0.11,231.893,7.5,3.35
2013-06,0.09,232.445,7.5,3.91
2013-06,0.09,232.445,7.5,3.98
2013-06,0.09,232.445,7.5,3.93
2013-06,0.09,232.445,7.5,4.46
2013-07,0.09,232.9,7.3,4.29
2013-07,0.09,232.9,7.3,4.51
2013-07,0.09,232.9,7.3,4.37
2013-07,0.09,232.9,7.3,4.31
2013-08,0.08,233.456,7.2,4.51
2013-08,0.08,233.456,7.2,4.58
2013-08,0.08,233.456,7.2,4.39
2013-08,0.08,233.456,7.2,4.4
2013-08,0.08,233.456,7.2,4.4
2013-09,0.08,233.544,7.2,4.57
2013-09,0.08,233.544,7.2,4.57
2013-09,0.08,233.544,7.2,4.5
2013-09,0.08,233.544,7.2,4.32
2013-10,0.09,233.669,7.2,4.13
2013-10,0.09,233.669,7.2,4.28
2013-10,0.09,233.669,7.2,4.1
2013-10,0.09,233.669,7.2,4.22
2013-10,0.09,233.669,7.2,4.23
2013-11,0.08,234.1,6.9,4.16
2013-11,0.08,234.1,6.9,4.35
2013-11,0.08,234.1,6.9,4.22
2013-11,0.08,234.1,6.9,4.29
2013-12,0.09,234.719,6.7,4.46
2013-12,0.09,234.719,6.7,4.42
2013-12,0.09,234.719,6.7,4.47
2013-12,0.09,234.719,6.7,4.48
2014-01,0.07,235.288,6.6,4.39
2014-01,0.07,235.288,6.6,4.41
2014-01,0.07,235.288,6.6,4.32
2014-01,0.07,235.288,6.6,4.53
2014-01,0.07,235.288,6.6,4.51
2014-02,0.07,235.547,6.7,4.23
2014-02,0.07,235.547,6.7,4.28
2014-02,0.07,235.547,6.7,4.33
2014-02,0.07,235.547,6.7,4.37
2014-03,0.08,236.028,6.7,4.28
2014-03,0.08,236.028,6.7,4.37
2014-03,0.08,236.028,6.7,4.32
2014-03,0.08,236.028,6.7,4.4
2014-04,0.09,236.468,6.2,4.34
2014-04,0.09,236.468,6.2,4.33
2014-04,0.09,236.468,6.2,4.41
2014-04,0.09,236.468,6.2,4.27
2014-05,0.09,236.918,6.3,4.29
2014-05,0.09,236.918,6.3,4.21
2014-05,0.09,236.918,6.3,4.2
2014-05,0.09,236.918,6.3,4.14
2014-05,0.09,236.918,6.3,4.12
2014-06,0.1,237.231,6.1,4.14
2014-06,0.1,237.231,6.1,4.2
2014-06,0.1,237.231,6.1,4.17
2014-06,0.1,237.231,6.1,4.14
2014-07,0.09,237.498,6.2,4.13
2014-07,0.09,237.498,6.2,4.12
2014-07,0.09,237.498,6.2,4.13
2014-07,0.09,237.498,6.2,4.12
2014-07,0.09,237.498,6.2,4.15
2014-08,0.09,237.46,6.1,4.14
2014-08,0.09,237.46,6.1,4.12
2014-08,0.09,237.46,6.1,4.1
2014-08,0.09,237.46,6.1,4.1
2014-09,0.09,237.477,5.9,4.1
2014-09,0.09,237.477,5.9,4.12
2014-09,0.09,237.477,5.9,4.23
2014-09,0.09,237.477,5.9,4.2
2014-10,0.09,237.43,5.7,3.98
2014-10,0.09,237.43,5.7,3.92
2014-10,0.09,237.43,5.7,3.97
2014-10,0.09,237.43,5.7,4.19
2014-10,0.09,237.43,5.7,4.12
2014-11,0.09,236.983,5.8,4.02
2014-11,0.09,236.983,5.8,4.01
2014-11,0.09,236.983,5.8,3.99
2014-11,0.09,236.983,5.8,3.97
2014-12,0.12,236.252,5.6,3.87
2014-12,0.12,236.252,5.6,3.89
2014-12,0.12,236.252,5.6,3.93
2014-12,0.12,236.252,5.6,3.8
2014-12,0.12,236.252,5.6,3.83
2015-01,0.11,234.747,5.7,3.63
2015-01,0.11,234.747,5.7,3.66
2015-01,0.11,234.747,5.7,3.73
2015-01,0.11,234.747,5.7,3.66
2015-02,0.11,235.342,5.5,3.59
2015-02,0.11,235.342,5.5,3.69
2015-02,0.11,235.342,5.5,3.76
2015-02,0.11,235.342,5.5,3.8
2015-03,0.11,235.976,5.4,3.75
2015-03,0.11,235.976,5.4,3.86
2015-03,0.11,235.976,5.4,3.78
2015-03,0.11,235.976,5.4,3.69
2015-04,0.12,236.222,5.4,3.68
2015-04,0.12,236.222,5.4,3.67
2015-04,0.12,236.222,5.4,3.65
2015-04,0.12,236.222,5.4,3.7
2015-04,0.12,236.222,5.4,3.66
2015-05,0.12,237.001,5.6,3.8
2015-05,0.12,237.001,5.6,3.85
2015-05,0.12,237.001,5.6,3.84
2015-05,0.12,237.001,5.6,3.87
2015-06,0.13,237.657,5.3,3.87
2015-06,0.13,237.657,5.3,4.04
2015-06,0.13,237.657,5.3,4.0
2015-06,0.13,237.657,5.3,4.02
2015-07,0.13,238.034,5.2,3.98
2015-07,0.13,238.034,5.2,4.04
2015-07,0.13,238.034,5.2,4.04
2015-07,0.13,238.034,5.2,4.08
2015-07,0.13,238.034,5.2,4.09
2015-08,0.14,238.033,5.1,3.91
2015-08,0.14,238.033,5.1,3.94
2015-08,0.14,238.033,5.1,3.93
2015-08,0.14,238.033,5.1,3.84
2015-09,0.14,237.498,5.0,3.86
2015-09,0.14,237.498,5.0,3.89
2015-09,0.14,237.498,5.0,3.9
2015-09,0.14,237.498,5.0,3.91
2015-10,0.12,237.733,5.0,3.76
2015-10,0.12,237.733,5.0,3.79
2015-10,0.12,237.733,5.0,3.85
2015-10,0.12,237.733,5.0,3.76
2015-10,0.12,237.733,5.0,3.82
2015-11,0.12,238.017,5.1,3.97
2015-11,0.12,238.017,5.1,3.87
2015-11,0.12,238.017,5.1,3.98
2015-11,0.12,238.017,5.1,3.95
2015-12,0.24,237.761,5.0,3.96
2015-12,0.24,237.761,5.0,3.97
2015-12,0.24,237.761,5.0,4.01
2015-12,0.24,237.761,5.0,3.93
2015-12,0.24,237.761,5.0,3.95
2016-01,0.34,237.652,4.8,3.79
2016-01,0.34,237.652,4.8,3.81
2016-01,0.34,237.652,4.8,3.97
2016-01,0.34,237.652,4.8,3.92
2016-02,0.38,237.336,4.9,3.72
2016-02,0.38,237.336,4.9,3.65
2016-02,0.38,237.336,4.9,3.65
2016-02,0.38,237.336,4.9,3.62
2016-03,0.36,238.08,5.0,3.71
2016-03,0.36,238.08,5.0,3.73
2016-03,0.36,238.08,5.0,3.71
2016-03,0.36,238.08,5.0,3.64
2016-03,0.36,238.08,5.0,3.68
2016-04,0.37,238.992,5.1,3.59
2016-04,0.37,238.992,5.1,3.58
2016-04,0.37,238.992,5.1,3.59
2016-04,0.37,238.992,5.1,3.66
2016-05,0.37,239.557,4.8,3.58
2016-05,0.37,239.557,4.8,3.61
2016-05,0.37,239.557,4.8,3.57
2016-05,0.37,239.557,4.8,3.64
2016-06,0.38,240.222,4.9,3.48
2016-06,0.38,240.222,4.9,3.56
2016-06,0.38,240.222,4.9,3.54
2016-06,0.38,240.222,4.9,3.6
2016-06,0.38,240.222,4.9,3.66
2016-07,0.39,240.101,4.8,3.41
2016-07,0.39,240.101,4.8,3.42
2016-07,0.39,240.101,4.8,3.45
2016-07,0.39,240.101,4.8,3.48
2016-08,0.4,240.545,4.9,3.43
2016-08,0.4,240.545,4.9,3.45
2016-08,0.4,240.545,4.9,3.43
2016-08,0.4,240.545,4.9,3.43
2016-09,0.4,241.176,5.0,3.42
2016-09,0.4,241.176,5.0,3.48
2016-09,0.4,241.176,5.0,3.5
2016-09,0.4,241.176,5.0,3.44
2016-09,0.4,241.176,5.0,3.46
2016-10,0.4,241.741,4.9,3.42
2016-10,0.4,241.741,4.9,3.47
2016-10,0.4,241.741,4.9,3.52
2016-10,0.4,241.741,4.9,3.47
2016-11,0.41,242.026,4.7,3.54
2016-11,0.41,242.026,4.7,3.57
2016-11,0.41,242.026,4.7,3.94
2016-11,0.41,242.026,4.7,4.03
2016-12,0.54,242.637,4.7,4.3
2016-12,0.54,242.637,4.7,4.32
2016-12,0.54,242.637,4.7,4.16
2016-12,0.54,242.637,4.7,4.08
2016-12,0.54,242.637,4.7,4.13
2017-01,0.65,243.618,4.7,4.2
2017-01,0.65,243.618,4.7,4.12
2017-01,0.65,243.618,4.7,4.09
2017-01,0.65,243.618,4.7,4.19
2017-02,0.66,244.006,4.6,4.19
2017-02,0.66,244.006,4.6,4.17
2017-02,0.66,244.006,4.6,4.15
2017-02,0.66,244.006,4.6,4.16
2017-03,0.79,243.892,4.4,4.14
2017-03,0.79,243.892,4.4,4.23
2017-03,0.79,243.892,4.4,4.3
2017-03,0.79,243.892,4.4,4.21
2017-03,0.79,243.892,4.4,4.1
2017-04,0.9,244.193,4.4,4.1
2017-04,0.9,244.193,4.4,4.08
2017-04,0.9,244.193,4.4,3.97
2017-04,0.9,244.193,4.4,4.03
2017-05,0.91,244.004,4.4,4.02
2017-05,0.91,244.004,4.4,4.05
2017-05,0.91,244.004,4.4,4.02
2017-05,0.91,244.004,4.4,3.95
2017-06,1.04,244.163,4.3,3.88
2017-06,1.04,244.163,4.3,3.9
2017-06,1.04,244.163,4.3,3.94
2017-06,1.04,244.163,4.3,3.89
2017-06,1.04,244.163,4.3,3.91
2017-07,1.15,244.243,4.3,3.96
2017-07,1.15,244.243,4.3,4.03
2017-07,1.15,244.243,4.3,3.96
2017-07,1.15,244.243,4.3,3.92
2017-08,1.16,245.183,4.4,3.86
2017-08,1.16,245.183,4.4,3.89
2017-08,1.16,245.183,4.4,3.82
2017-08,1.16,245.183,4.4,3.93
2017-08,1.16,245.183,4.4,3.9
2017-09,1.15,246.435,4.3,3.78
2017-09,1.15,246.435,4.3,3.78
2017-09,1.15,246.435,4.3,3.83
2017-09,1.15,246.435,4.3,3.83
2017-10,1.15,246.626,4.2,3.85
2017-10,1.15,246.626,4.2,3.91
2017-10,1.15,246.626,4.2,3.88
2017-10,1.15,246.626,4.2,3.94
2017-11,1.16,247.284,4.2,3.92
2017-11,1.16,247.284,4.2,3.95
2017-11,1.16,247.284,4.2,3.9
2017-11,1.16,247.284,4.2,3.94
2017-11,1.16,247.284,4.2,3.9
2017-12,1.3,247.805,4.1,3.94
2017-12,1.3,247.805,4.1,3.93
2017-12,1.3,247.805,4.1,3.94
2017-12,1.3,247.805,4.1,3.99
2018-01,1.41,248.859,4.0,3.95
2018-01,1.41,248.859,4.0,3.99
2018-01,1.41,248.859,4.0,4.04
2018-01,1.41,248.859,4.0,4.15
2018-02,1.42,249.529,4.1,4.32
2018-02,1.42,249.529,4.1,4.4
2018-02,1.42,249.529,4.1,4.22
2018-02,1.42,249.529,4.1,4.38
2018-03,1.51,249.577,4.0,4.43
2018-03,1.51,249.577,4.0,4.46
2018-03,1.51,249.577,4.0,4.44
2018-03,1.51,249.577,4.0,4.45
2018-03,1.51,249.577,4.0,4.44
2018-04,1.69,250.227,4.0,4.4
2018-04,1.69,250.227,4.0,4.42
2018-04,1.69,250.227,4.0,4.47
2018-04,1.69,250.227,4.0,4.58
2018-05,1.7,250.792,3.8,4.66
2018-05,1.7,250.792,3.8,4.56
2018-05,1.7,250.792,3.8,4.61
2018-05,1.7,250.792,3.8,4.55
2018-05,1.7,250.792,3.8,4.55
2018-06,1.82,251.018,4.0,4.54
2018-06,1.82,251.018,4.0,4.62
2018-06,1.82,251.018,4.0,4.57
2018-06,1.82,251.018,4.0,4.55
2018-07,1.91,251.214,3.8,4.52
2018-07,1.91,251.214,3.8,4.53
2018-07,1.91,251.214,3.8,4.52
2018-07,1.91,251.214,3.8,4.54
2018-08,1.91,251.663,3.8,4.52
2018-08,1.91,251.663,3.8,4.51
2018-08,1.91,251.663,3.8,4.53
2018-08,1.91,251.663,3.8,4.6
2018-08,1.91,251.663,3.8,4.59
2018-09,1.95,252.182,3.7,4.54
2018-09,1.95,252.182,3.7,4.6
2018-09,1.95,252.182,3.7,4.65
2018-09,1.95,252.182,3.7,4.72
2018-10,2.19,252.772,3.8,4.71
2018-10,2.19,252.772,3.8,4.9
2018-10,2.19,252.772,3.8,4.85
2018-10,2.19,252.772,3.8,4.86
2018-11,2.2,252.594,3.8,4.81
2018-11,2.2,252.594,3.8,4.81
2018-11,2.2,252.594,3.8,4.94
2018-11,2.2,252.594,3.8,4.94
2018-11,2.2,252.594,3.8,4.83
2018-12,2.27,252.767,3.9,4.75
2018-12,2.27,252.767,3.9,4.63
2018-12,2.27,252.767,3.9,4.62
2018-12,2.27,252.767,3.9,4.55
2019-01,2.4,252.561,4.0,4.51
2019-01,2.4,252.561,4.0,4.45
2019-01,2.4,252.561,4.0,4.45
2019-01,2.4,252.561,4.0,4.45
2019-01,2.4,252.561,4.0,4.46
2019-02,2.4,253.319,3.8,4.35
2019-02,2.4,253.319,3.8,4.35
2019-02,2.4,253.319,3.8,4.37
2019-02,2.4,253.319,3.8,4.41
2019-03,2.41,254.277,3.8,4.41
2019-03,2.41,254.277,3.8,4.31
2019-03,2.41,254.277,3.8,4.28
2019-03,2.41,254.277,3.8,4.06
2019-04,2.42,255.233,3.7,4.08
2019-04,2.42,255.233,3.7,4.12
2019-04,2.42,255.233,3.7,4.17
2019-04,2.42,255.233,3.7,4.2
2019-05,2.39,255.296,3.6,3.99
2019-05,2.39,255.296,3.6,4.06
2019-05,2.39,255.296,3.6,4.14
2019-05,2.39,255.296,3.6,4.1
2019-05,2.39,255.296,3.6,4.07
2019-06,2.38,255.213,3.6,3.82
2019-06,2.38,255.213,3.6,3.82
2019-06,2.38,255.213,3.6,3.84
2019-06,2.38,255.213,3.6,3.73
2019-07,2.4,255.802,3.7,3.75
2019-07,2.4,255.802,3.7,3.75
2019-07,2.4,255.802,3.7,3.81
2019-07,2.4,255.802,3.7,3.75
2019-08,2.13,256.036,3.6,3.58
2019-08,2.13,256.036,3.6,3.55
2019-08,2.13,256.036,3.6,3.75
2019-08,2.13,256.036,3.6,3.6
2019-08,2.13,256.036,3.6,3.6
2019-09,2.04,256.43,3.5,3.49
2019-09,2.04,256.43,3.5,3.56
2019-09,2.04,256.43,3.5,3.73
2019-09,2.04,256.43,3.5,3.64
2019-10,1.83,257.155,3.6,3.78
2019-10,1.83,257.155,3.6,3.75
2019-10,1.83,257.155,3.6,3.57
2019-10,1.83,257.155,3.6,3.65
2019-10,1.83,257.155,3.6,3.69
2019-11,1.55,257.879,3.6,3.69
2019-11,1.55,257.879,3.6,3.75
2019-11,1.55,257.879,3.6,3.66
2019-11,1.55,257.879,3.6,3.68
2019-12,1.55,258.63,3.6,3.74
2019-12,1.55,258.63,3.6,3.68
2019-12,1.55,258.63,3.6,3.73
2019-12,1.55,258.63,3.6,3.73
2020-01,1.55,259.127,3.6,3.51
2020-01,1.55,259.127,3.6,3.6
2020-01,1.55,259.127,3.6,3.72
2020-01,1.55,259.127,3.6,3.64
2020-01,1.55,259.127,3.6,3.65
2020-02,1.58,259.25,3.5,3.49
2020-02,1.58,259.25,3.5,3.45
2020-02,1.58,259.25,3.5,3.47
2020-02,1.58,259.25,3.5,3.45
2020-03,0.65,258.076,4.4,3.5
2020-03,0.65,258.076,4.4,3.65
2020-03,0.65,258.076,4.4,3.36
2020-03,0.65,258.076,4.4,3.29
2020-04,0.05,256.032,14.8,3.33
2020-04,0.05,256.032,14.8,3.33
2020-04,0.05,256.032,14.8,3.31
2020-04,0.05,256.032,14.8,3.33
2020-04,0.05,256.032,14.8,3.23
2020-05,0.05,255.802,13.2,3.24
2020-05,0.05,255.802,13.2,3.15
2020-05,0.05,255.802,13.2,3.26
2020-05,0.05,255.802,13.2,3.28
2020-06,0.08,257.042,11.0,3.18
2020-06,0.08,257.042,11.0,3.21
2020-06,0.08,257.042,11.0,3.13
2020-06,0.08,257.042,11.0,3.13
2020-07,0.09,258.352,10.2,2.99
2020-07,0.09,258.352,10.2,3.07
2020-07,0.09,258.352,10.2,3.03
2020-07,0.09,258.352,10.2,2.98
2020-07,0.09,258.352,10.2,3.01
2020-08,0.1,259.316,8.4,2.99
2020-08,0.1,259.316,8.4,2.91
2020-08,0.1,259.316,8.4,2.88
2020-08,0.1,259.316,8.4,2.96
2020-09,0.09,259.997,7.8,2.87
2020-09,0.09,259.997,7.8,2.9
2020-09,0.09,259.997,7.8,2.93
2020-09,0.09,259.997,7.8,2.86
2020-10,0.09,260.319,6.9,2.88
2020-10,0.09,260.319,6.9,2.87
2020-10,0.09,260.319,6.9,2.81
2020-10,0.09,260.319,6.9,2.8
2020-10,0.09,260.319,6.9,2.81
2020-11,0.09,260.911,6.7,2.72
2020-11,0.09,260.911,6.7,2.72
2020-11,0.09,260.911,6.7,2.78
2020-11,0.09,260.911,6.7,2.84
2020-12,0.09,262.045,6.7,2.71
2020-12,0.09,262.045,6.7,2.71
2020-12,0.09,262.045,6.7,2.67
2020-12,0.09,262.045,6.7,2.66
2020-12,0.09,262.045,6.7,2.67
2021-01,0.09,262.687,6.4,2.73
2021-01,0.09,262.687,6.4,2.65
2021-01,0.09,262.687,6.4,2.79
2021-01,0.09,262.687,6.4,2.77
2021-02,0.08,263.579,6.2,2.81
2021-02,0.08,263.579,6.2,2.97
2021-02,0.08,263.579,6.2,2.73
2021-02,0.08,263.579,6.2,2.73
2021-03,0.07,264.961,6.1,3.02
2021-03,0.07,264.961,6.1,3.05
2021-03,0.07,264.961,6.1,3.09
2021-03,0.07,264.961,6.1,3.17
2021-04,0.07,266.614,6.1,3.18
2021-04,0.07,266.614,6.1,3.13
2021-04,0.07,266.614,6.1,3.04
2021-04,0.07,266.614,6.1,2.97
2021-04,0.07,266.614,6.1,2.98
2021-05,0.06,268.383,5.8,2.95
2021-05,0.06,268.383,5.8,3.0
2021-05,0.06,268.383,5.8,2.94
2021-05,0.06,268.383,5.8,2.96
2021-06,0.08,270.654,5.9,2.99
2021-06,0.08,270.654,5.9,2.96
2021-06,0.08,270.654,5.9,2.93
2021-06,0.08,270.654,5.9,3.02
2021-07,0.1,271.903,5.4,2.8
2021-07,0.1,271.903,5.4,2.98
2021-07,0.1,271.903,5.4,2.9
2021-07,0.1,271.903,5.4,2.88
2021-07,0.1,271.903,5.4,2.78
2021-08,0.09,272.676,5.1,2.86
2021-08,0.09,272.676,5.1,2.87
2021-08,0.09,272.676,5.1,2.77
2021-08,0.09,272.676,5.1,2.87
2021-09,0.08,273.91,4.7,2.87
2021-09,0.08,273.91,4.7,2.88
2021-09,0.08,273.91,4.7,2.86
2021-09,0.08,273.91,4.7,2.88
2021-09,0.08,273.91,4.7,3.01
2021-10,0.08,276.55,4.5,2.99
2021-10,0.08,276.55,4.5,3.05
2021-10,0.08,276.55,4.5,3.09
2021-10,0.08,276.55,4.5,3.14
2021-11,0.08,278.919,4.1,3.1
2021-11,0.08,278.919,4.1,3.1
2021-11,0.08,278.919,4.1,3.09
2021-11,0.08,278.919,4.1,2.98
2021-12,0.08,280.845,3.9,3.11
2021-12,0.08,280.845,3.9,3.1
2021-12,0.08,280.845,3.9,3.12
2021-12,0.08,280.845,3.9,3.05
2021-12,0.08,280.845,3.9,3.11
2022-01,0.08,282.543,4.0,3.22
2022-01,0.08,282.543,4.0,3.45
2022-01,0.08,282.543,4.0,3.56
2022-01,0.08,282.543,4.0,3.55
2022-02,0.08,284.5,3.9,3.89
2022-02,0.08,284.5,3.9,3.92
2022-02,0.08,284.5,3.9,3.69
2022-02,0.08,284.5,3.9,3.55
2022-03,0.2,287.674,3.7,3.76
2022-03,0.2,287.674,3.7,3.85
2022-03,0.2,287.674,3.7,4.16
2022-03,0.2,287.674,3.7,4.42
2022-03,0.2,287.674,3.7,4.67
2022-04,0.33,288.561,3.7,5.1
2022-04,0.33,288.561,3.7,4.72
2022-04,0.33,288.561,3.7,5.0
2022-04,0.33,288.561,3.7,5.11
2022-05,0.77,291.298,3.6,5.1
2022-05,0.77,291.298,3.6,5.25
2022-05,0.77,291.298,3.6,5.3
2022-05,0.77,291.298,3.6,5.27
2022-06,1.21,294.957,3.6,5.7
2022-06,1.21,294.957,3.6,5.09
2022-06,1.21,294.957,3.6,5.23
2022-06,1.21,294.957,3.6,5.78
2022-06,1.21,294.957,3.6,5.81
2022-07,1.68,294.913,3.5,5.54
2022-07,1.68,294.913,3.5,5.3
2022-07,1.68,294.913,3.5,5.3
2022-07,1.68,294.913,3.5,5.51
2022-08,2.33,295.097,3.6,5.13
2022-08,2.33,295.097,3.6,5.55
2022-08,2.33,295.097,3.6,4.99
2022-08,2.33,295.097,3.6,5.22
2022-09,2.56,296.349,3.5,5.66
2022-09,2.56,296.349,3.5,5.89
2022-09,2.56,296.349,3.5,6.02
2022-09,2.56,296.349,3.5,6.29
2022-09,2.56,296.349,3.5,6.7
2022-10,3.08,298.007,3.6,6.66
2022-10,3.08,298.007,3.6,6.92
2022-10,3.08,298.007,3.6,6.94
2022-10,3.08,298.007,3.6,7.08
2022-11,3.78,298.786,3.6,6.58
2022-11,3.78,298.786,3.6,6.61
2022-11,3.78,298.786,3.6,6.95
2022-11,3.78,298.786,3.6,7.08
2022-12,4.1,298.832,3.5,6.49
2022-12,4.1,298.832,3.5,6.33
2022-12,4.1,298.832,3.5,6.31
2022-12,4.1,298.832,3.5,6.27
2022-12,4.1,298.832,3.5,6.42
2023-01,4.33,300.42,3.5,6.48
2023-01,4.33,300.42,3.5,6.33
2023-01,4.33,300.42,3.5,6.15
2023-01,4.33,300.42,3.5,6.13
2023-02,4.57,301.45,3.6,6.5
2023-02,4.57,301.45,3.6,6.32
2023-02,4.57,301.45,3.6,6.09
2023-02,4.57,301.45,3.6,6.12
2023-03,4.65,301.821,3.5,6.65
2023-03,4.65,301.821,3.5,6.73
2023-03,4.65,301.821,3.5,6.6
2023-03,4.65,301.821,3.5,6.42
2023-03,4.65,301.821,3.5,6.32
2023-04,4.83,302.845,3.4,6.43
2023-04,4.83,302.845,3.4,6.28
2023-04,4.83,302.845,3.4,6.27
2023-04,4.83,302.845,3.4,6.39
2023-05,5.06,303.334,3.6,6.39
2023-05,5.06,303.334,3.6,6.35
2023-05,5.06,303.334,3.6,6.39
2023-05,5.06,303.334,3.6,6.57
2023-06,5.08,304.014,3.6,6.67
2023-06,5.08,304.014,3.6,6.69
2023-06,5.08,304.014,3.6,6.71
2023-06,5.08,304.014,3.6,6.79
2023-06,5.08,304.014,3.6,6.71
2023-07,5.12,304.609,3.5,6.78
2023-07,5.12,304.609,3.5,6.81
2023-07,5.12,304.609,3.5,6.81
2023-07,5.12,304.609,3.5,6.96
2023-08,5.33,306.082,3.7,7.18
2023-08,5.33,306.082,3.7,7.23
2023-08,5.33,306.082,3.7,6.9
2023-08,5.33,306.082,3.7,6.96
2023-08,5.33,306.082,3.7,7.09
2023-09,5.33,307.276,3.7,7.12
2023-09,5.33,307.276,3.7,7.18
2023-09,5.33,307.276,3.7,7.19
2023-09,5.33,307.276,3.7,7.31
2023-10,5.33,307.696,3.9,7.49
2023-10,5.33,307.696,3.9,7.57
2023-10,5.33,307.696,3.9,7.63
2023-10,5.33,307.696,3.9,7.79
2023-11,5.33,308.148,3.7,7.22
2023-11,5.33,308.148,3.7,7.29
2023-11,5.33,308.148,3.7,7.76
2023-11,5.33,308.148,3.7,7.5
2023-11,5.33,308.148,3.7,7.44
2023-12,5.33,308.741,3.8,7.03
2023-12,5.33,308.741,3.8,6.95
2023-12,5.33,308.741,3.8,6.67
2023-12,5.33,308.741,3.8,6.61
2024-01,5.33,309.698,3.7,6.69
2024-01,5.33,309.698,3.7,6.6
2024-01,5.33,309.698,3.7,6.66
2024-01,5.33,309.698,3.7,6.62
2024-02,5.33,310.967,3.9,6.94
2024-02,5.33,310.967,3.9,6.9
2024-02,5.33,310.967,3.9,6.63
2024-02,5.33,310.967,3.9,6.64
2024-02,5.33,310.967,3.9,6.77
2024-03,5.33,312.345,3.9,6.88
2024-03,5.33,312.345,3.9,6.74
2024-03,5.33,312.345,3.9,6.87
2024-03,5.33,312.345,3.9,6.79
2024-04,5.33,313.023,3.9,7.17
2024-04,5.33,313.023,3.9,7.1
2024-04,5.33,313.023,3.9,6.82
2024-04,5.33,313.023,3.9,6.88
2024-05,5.33,313.175,3.9,7.09
2024-05,5.33,313.175,3.9,7.02
2024-05,5.33,313.175,3.9,6.94
2024-05,5.33,313.175,3.9,7.03
2024-05,5.33,313.175,3.9,7.22
2024-06,5.33,313.044,4.1,6.99
2024-06,5.33,313.044,4.1,6.95
2024-06,5.33,313.044,4.1,6.87
2024-06,5.33,313.044,4.1,6.86
2024-07,5.33,313.569,4.2,6.77
2024-07,5.33,313.569,4.2,6.78
2024-07,5.33,313.569,4.2,6.89
2024-07,5.33,313.569,4.2,6.95
2024-08,5.33,314.062,4.2,6.73
2024-08,5.33,314.062,4.2,6.47
2024-08,5.33,314.062,4.2,6.49
2024-08,5.33,314.062,4.2,6.46
2024-08,5.33,314.062,4.2,6.35
2024-09,5.13,314.732,4.1,6.08
2024-09,5.13,314.732,4.1,6.35
2024-09,5.13,314.732,4.1,6.2
2024-09,5.13,314.732,4.1,6.09
2024-10,4.83,315.631,4.1,6.72
2024-10,4.83,315.631,4.1,6.54
2024-10,4.83,315.631,4.1,6.44
2024-10,4.83,315.631,4.1,6.12
2024-10,4.83,315.631,4.1,6.32
2024-11,4.64,316.528,4.2,6.81
2024-11,4.64,316.528,4.2,6.79
2024-11,4.64,316.528,4.2,6.78
2024-11,4.64,316.528,4.2,6.84
2024-12,4.48,317.604,4.1,6.72
2024-12,4.48,317.604,4.1,6.85
2024-12,4.48,317.604,4.1,6.69
2024-12,4.48,317.604,4.1,6.6
2025-01,4.33,318.961,4.0,6.95
2025-01,4.33,318.961,4.0,6.96
2025-01,4.33,318.961,4.0,6.91
2025-01,4.33,318.961,4.0,6.93
2025-01,4.33,318.961,4.0,7.04
2025-02,4.33,319.679,4.2,6.89
2025-02,4.33,319.679,4.2,6.87
2025-02,4.33,319.679,4.2,6.85
2025-02,4.33,319.679,4.2,6.76
2025-03,4.33,319.785,4.2,6.67
2025-03,4.33,319.785,4.2,6.65
2025-03,4.33,319.785,4.2,6.63
2025-03,4.33,319.785,4.2,6.65
2025-04,4.33,320.302,4.2,6.64
2025-04,4.33,320.302,4.2,6.62
2025-04,4.33,320.302,4.2,6.83
2025-04,4.33,320.302,4.2,6.81
2025-05,4.33,320.62,4.3,6.86
2025-05,4.33,320.62,4.3,6.76
2025-05,4.33,320.62,4.3,6.76
2025-05,4.33,320.62,4.3,6.81
2025-05,4.33,320.62,4.3,6.89
2025-06,4.33,321.435,4.1,6.77
2025-06,4.33,321.435,4.1,6.81
2025-06,4.33,321.435,4.1,6.84
2025-06,4.33,321.435,4.1,6.85
2025-07,4.33,322.169,4.3,6.67
2025-07,4.33,322.169,4.3,6.72
2025-07,4.33,322.169,4.3,6.75
2025-07,4.33,322.169,4.3,6.74
2025-07,4.33,322.169,4.3,6.72
2025-08,4.33,323.291,4.3,6.58
2025-08,4.33,323.291,4.3,6.56
2025-08,4.33,323.291,4.3,6.63
2025-08,4.33,323.291,4.3,6.58
2025-09,4.22,324.245,4.4,6.5
2025-09,4.22,324.245,4.4,6.35
2025-09,4.22,324.245,4.4,6.26
2025-09,4.22,324.245,4.4,6.3
2025-10,4.09,,,6.17
2025-10,4.09,,,6.34
2025-10,4.09,,,6.3
2025-10,4.09,,,6.27
2025-10,4.09,,,6.19
2025-11,3.88,325.063,4.5,6.26
2025-11,3.88,325.063,4.5,6.23
2025-11,3.88,325.063,4.5,6.22
2025-11,3.88,325.063,4.5,6.24
2025-12,3.72,326.031,4.4,6.19
2025-12,3.72,326.031,4.4,6.22
2025-12,3.72,326.031,4.4,6.21
2025-12,3.72,326.031,4.4,6.18
2025-12,3.72,326.031,4.4,6.15
2026-01,3.64,326.588,4.3,6.16
2026-01,3.64,326.588,4.3,6.06
2026-01,3.64,326.588,4.3,6.09
2026-01,3.64,326.588,4.3,6.1
2026-02,3.64,327.46,4.4,5.98
2026-02,3.64,327.46,4.4,6.01
2026-02,3.64,327.46,4.4,6.09
2026-02,3.64,327.46,4.4,6.11
2026-03,3.64,330.293,4.3,6.0
2026-03,3.64,330.293,4.3,6.11
2026-03,3.64,330.293,4.3,6.22
2026-03,3.64,330.293,4.3,6.38
2026-04,3.64,332.407,4.3,6.3
2026-04,3.64,332.407,4.3,6.46
2026-04,3.64,332.407,4.3,6.37
2026-04,3.64,332.407,4.3,6.3
2026-04,3.64,332.407,4.3,6.23
2026-05,3.63,333.979,4.3,6.51
2026-05,3.63,333.979,4.3,6.53
2026-05,3.63,333.979,4.3,6.37
2026-05,3.63,333.979,4.3,6.36
2026-06,3.63,,4.2,6.47
2026-06,3.63,,4.2,6.49
2026-06,3.63,,4.2,6.48
2026-06,3.63,,4.2,6.52
2026-07,,,,6.43
